SRC_IP,SRC_PORT,DST_PORT,TTL,SRC_MAC,DST_MAC,TLS_SNI,HTTP_REQUEST_HOST,HTTP_REQUEST_URL,HTTP_REQUEST_AGENT
10.0.30.35,45201,443,64,F8:A4:5F:AF:2B:58,00:25:45:AA:BB:01,sdkconfig.ad.intl.xiaomi.com,,,
10.0.10.18,60489,443,128,3C:5A:B4:50:E8:01,00:25:45:AA:BB:01,update.microsoft.com,,,
10.0.30.26,47540,443,64,AC:F7:F3:A7:3D:03,00:25:45:AA:BB:01,update.miui.com,,,
10.0.20.27,43849,443,64,34:15:9E:3E:0E:7A,00:25:45:AA:BB:01,swscan.apple.com,,,
10.0.20.21,41954,443,64,10:93:E9:3A:73:4C,00:25:45:AA:BB:01,api.smoot.apple.com,,,
10.0.10.24,43056,80,128,00:1A:7D:D8:5D:8E,00:25:45:AA:BB:01,,msftconnecttest.com,/connecttest.txt,"Mozilla/5.0 (Windows NT 10.0; Win64; x64) AppleWebKit/537.36 (KHTML, like Gecko) Chrome/124.0.0.0 Safari/537.36"
10.0.20.37,58835,443,64,60:33:4B:9A:65:C4,00:25:45:AA:BB:01,xp.apple.com,,,
10.0.10.23,51118,443,128,00:50:56:D8:D2:EF,00:25:45:AA:BB:01,ctldl.windowsupdate.com,,,
10.0.20.32,48684,443,64,58:B0:35:D1:4F:26,00:25:45:AA:BB:01,idmsa.apple.com,,,
10.0.40.23,58154,443,64,DC:A6:32:79:FC:0D,00:25:45:AA:BB:01,daisy.ubuntu.com,,,
10.0.10.48,59674,80,128,FC:AA:14:0D:9F:C0,00:25:45:AA:BB:01,,msftconnecttest.com,/connecttest.txt,"Mozilla/5.0 (Windows NT 10.0; Win64; x64) AppleWebKit/537.36 (KHTML, like Gecko) Chrome/124.0.0.0 Safari/537.36"
10.0.30.31,61069,443,64,F4:70:AB:26:5A:FC,00:25:45:AA:BB:01,update.intl.miui.com,,,
10.0.30.28,54310,443,64,68:DF:DD:D5:94:3A,00:25:45:AA:BB:01,update.miui.com,,,
10.0.30.49,60829,443,64,F8:A4:5F:B8:22:0A,00:25:45:AA:BB:01,update.miui.com,,,
10.0.10.41,60537,80,128,F0:DE:F1:A2:E2:DA,00:25:45:AA:BB:01,,msftncsi.com,/ncsi.txt,"Mozilla/5.0 (Windows NT 10.0; Win64; x64) AppleWebKit/537.36 (KHTML, like Gecko) Chrome/124.0.0.0 Safari/537.36"
10.0.10.13,47628,443,128,F0:DE:F1:62:23:17,00:25:45:AA:BB:01,smartscreen.microsoft.com,,,
10.0.10.37,62194,80,128,00:50:56:9E:D1:A7,00:25:45:AA:BB:01,,msftconnecttest.com,/connecttest.txt,"Mozilla/5.0 (Windows NT 10.0; Win64; x64) AppleWebKit/537.36 (KHTML, like Gecko) Chrome/124.0.0.0 Safari/537.36"
10.0.30.29,60749,443,64,B0:65:BD:DF:CD:28,00:25:45:AA:BB:01,update.miui.com,,,
10.0.20.44,60173,443,64,90:84:0D:4F:D4:32,00:25:45:AA:BB:01,audiocontentdownload.apple.com,,,
10.0.30.48,61896,443,64,F4:70:AB:7B:49:95,00:25:45:AA:BB:01,resolver.msg.xiaomi.net,,,
10.0.10.20,54355,8080,128,00:1A:7D:F3:54:87,00:25:45:AA:BB:01,,msftncsi.com,/ncsi.txt,"Mozilla/5.0 (Windows NT 10.0; Win64; x64) AppleWebKit/537.36 (KHTML, like Gecko) Chrome/124.0.0.0 Safari/537.36"
10.0.10.14,58250,443,128,00:1A:7D:88:24:57,00:25:45:AA:BB:01,msedge.api.cdp.microsoft.com,,,
10.0.20.26,49438,8080,64,10:93:E9:1B:60:B9,00:25:45:AA:BB:01,,captive.apple.com,/hotspot-detect.html,"Mozilla/5.0 (Macintosh; Intel Mac OS X 14_5) AppleWebKit/605.1.15 (KHTML, like Gecko) Version/17.5 Safari/605.1.15"
10.0.20.12,56083,8080,64,7C:6D:62:05:61:2B,00:25:45:AA:BB:01,,captive.apple.com,/hotspot-detect.html,"Mozilla/5.0 (Macintosh; Intel Mac OS X 14_5) AppleWebKit/605.1.15 (KHTML, like Gecko) Version/17.5 Safari/605.1.15"
10.0.30.15,42152,443,64,84:CF:BF:CD:DA:37,00:25:45:AA:BB:01,update.miui.com,,,
10.0.20.19,45146,443,64,78:CA:39:1E:32:6A,00:25:45:AA:BB:01,swallow.apple.com,,,
10.0.30.18,54151,443,64,F4:70:AB:82:BF:4E,00:25:45:AA:BB:01,resolver.msg.xiaomi.net,,,
10.0.20.21,64541,443,64,10:93:E9:3A:73:4C,00:25:45:AA:BB:01,swscan.apple.com,,,
10.0.10.14,52433,443,128,00:1A:7D:88:24:57,00:25:45:AA:BB:01,checkappexec.microsoft.com,,,
10.0.10.21,60679,443,128,FC:AA:14:7E:73:20,00:25:45:AA:BB:01,download.windowsupdate.com,,,
10.0.10.11,49105,443,128,F0:DE:F1:65:D6:70,00:25:45:AA:BB:01,download.windowsupdate.com,,,
10.0.30.12,43602,443,64,E8:BB:A8:4B:01:8D,00:25:45:AA:BB:01,tracking.miui.com,,,
10.0.10.17,57338,443,128,F0:DE:F1:20:C5:C3,00:25:45:AA:BB:01,checkappexec.microsoft.com,,,
10.0.20.31,57234,443,64,CC:08:E0:C5:4D:FD,00:25:45:AA:BB:01,updates.cdn-apple.com,,,
10.0.10.46,41706,8080,128,3C:5A:B4:8E:D7:81,00:25:45:AA:BB:01,,msftncsi.com,/ncsi.txt,"Mozilla/5.0 (Windows NT 10.0; Win64; x64) AppleWebKit/537.36 (KHTML, like Gecko) Chrome/124.0.0.0 Safari/537.36"
10.0.30.39,45077,443,64,C4:66:99:6D:AE:F8,00:25:45:AA:BB:01,weatherapi.market.xiaomi.com,,,
10.0.20.13,51264,443,64,00:05:02:2F:96:71,00:25:45:AA:BB:01,updates.cdn-apple.com,,,
10.0.20.17,58907,80,64,34:15:9E:F5:E1:AE,00:25:45:AA:BB:01,,captive.apple.com,/hotspot-detect.html,"Mozilla/5.0 (Macintosh; Intel Mac OS X 14_5) AppleWebKit/605.1.15 (KHTML, like Gecko) Version/17.5 Safari/605.1.15"
10.0.30.33,59466,443,64,F8:A4:5F:9E:EC:E7,00:25:45:AA:BB:01,update.miui.com,,,
10.0.30.40,62703,443,64,A0:93:47:13:AC:43,00:25:45:AA:BB:01,tracking.miui.com,,,
10.0.10.20,62009,443,128,00:1A:7D:F3:54:87,00:25:45:AA:BB:01,download.windowsupdate.com,,,
10.0.20.26,64903,443,64,10:93:E9:1B:60:B9,00:25:45:AA:BB:01,bpapi.apple.com,,,
10.0.20.28,46245,443,64,78:CA:39:8B:D4:F7,00:25:45:AA:BB:01,mesu.apple.com,,,
10.0.20.33,43225,443,64,18:E7:F4:F9:12:23,00:25:45:AA:BB:01,mesu.apple.com,,,
10.0.20.26,46670,443,64,10:93:E9:1B:60:B9,00:25:45:AA:BB:01,query.ess.apple.com,,,
10.0.30.29,43736,443,64,B0:65:BD:DF:CD:28,00:25:45:AA:BB:01,resolver.msg.xiaomi.net,,,
10.0.30.35,57129,443,64,F8:A4:5F:AF:2B:58,00:25:45:AA:BB:01,file.xmpush.xiaomi.com,,,
10.0.10.26,45158,443,128,00:50:56:6F:1D:1F,00:25:45:AA:BB:01,msedge.api.cdp.microsoft.com,,,
10.0.10.27,59125,8080,128,F0:DE:F1:22:78:CE,00:25:45:AA:BB:01,,msftconnecttest.com,/connecttest.txt,"Mozilla/5.0 (Windows NT 10.0; Win64; x64) AppleWebKit/537.36 (KHTML, like Gecko) Chrome/124.0.0.0 Safari/537.36"
10.0.20.29,51309,8080,64,3C:07:54:8D:D4:AE,00:25:45:AA:BB:01,,captive.apple.com,/hotspot-detect.html,"Mozilla/5.0 (Macintosh; Intel Mac OS X 14_5) AppleWebKit/605.1.15 (KHTML, like Gecko) Version/17.5 Safari/605.1.15"
10.0.10.33,61951,443,128,FC:AA:14:B5:D0:4F,00:25:45:AA:BB:01,msedge.api.cdp.microsoft.com,,,
10.0.30.26,64478,443,64,AC:F7:F3:A7:3D:03,00:25:45:AA:BB:01,appstore.pandora.xiaomi.com,,,
10.0.10.28,60354,80,128,00:50:56:7A:87:CA,00:25:45:AA:BB:01,,msftconnecttest.com,/connecttest.txt,"Mozilla/5.0 (Windows NT 10.0; Win64; x64) AppleWebKit/537.36 (KHTML, like Gecko) Chrome/124.0.0.0 Safari/537.36"
10.0.10.35,54299,80,128,00:50:56:B3:CC:A9,00:25:45:AA:BB:01,,msftncsi.com,/ncsi.txt,"Mozilla/5.0 (Windows NT 10.0; Win64; x64) AppleWebKit/537.36 (KHTML, like Gecko) Chrome/124.0.0.0 Safari/537.36"
10.0.20.17,41683,443,64,34:15:9E:F5:E1:AE,00:25:45:AA:BB:01,mdmenrollment.apple.com,,,
10.0.20.40,55346,443,64,90:27:E4:43:BB:8B,00:25:45:AA:BB:01,mesu.apple.com,,,
10.0.10.10,44572,443,128,FC:AA:14:0C:8C:7D,00:25:45:AA:BB:01,eaus2watcab01.blob.core.windows.net,,,
10.0.30.17,54860,443,64,68:DF:DD:6E:DC:E7,00:25:45:AA:BB:01,f1.g.mi.com,,,
10.0.30.17,50241,443,64,68:DF:DD:6E:DC:E7,00:25:45:AA:BB:01,sdkconfig.ad.xiaomi.com,,,
10.0.30.14,41420,443,64,84:CF:BF:B9:37:E7,00:25:45:AA:BB:01,sdkconfig.ad.intl.xiaomi.com,,,
10.0.40.22,46585,443,64,24:5E:BE:21:94:99,00:25:45:AA:BB:01,connectivity-check.ubuntu.com,,,
10.0.20.42,43823,443,64,34:15:9E:0C:A7:71,00:25:45:AA:BB:01,swscan.apple.com,,,
10.0.20.26,57996,443,64,10:93:E9:1B:60:B9,00:25:45:AA:BB:01,swscan.apple.com,,,
10.0.30.38,51881,443,64,F8:A4:5F:9E:C0:A8,00:25:45:AA:BB:01,update.miui.com,,,
10.0.20.16,56085,443,64,7C:6D:62:40:8C:17,00:25:45:AA:BB:01,swscan.apple.com,,,
10.0.30.43,54335,443,64,C4:6A:B7:F6:BE:34,00:25:45:AA:BB:01,resolver.msg.xiaomi.net,,,
10.0.10.20,63361,443,128,00:1A:7D:F3:54:87,00:25:45:AA:BB:01,ceuswatcab01.blob.core.windows.net,,,
10.0.10.49,40414,443,128,00:50:56:DB:BD:23,00:25:45:AA:BB:01,evoke-windowsservices-tas.msedge.net,,,
10.0.10.30,51235,443,128,FC:AA:14:44:87:3B,00:25:45:AA:BB:01,download.windowsupdate.com,,,
10.0.30.34,61359,443,64,10:F6:81:EC:15:E6,00:25:45:AA:BB:01,update.intl.miui.com,,,
10.0.10.47,48396,443,128,FC:AA:14:4E:7A:40,00:25:45:AA:BB:01,msedge.api.cdp.microsoft.com,,,
10.0.10.22,47962,443,128,00:50:56:24:79:8E,00:25:45:AA:BB:01,emdl.ws.microsoft.com,,,
10.0.10.38,55236,443,128,3C:5A:B4:00:9B:92,00:25:45:AA:BB:01,kmwatsonc.events.data.microsoft.com,,,
10.0.20.43,52735,443,64,78:CA:39:FC:3B:31,00:25:45:AA:BB:01,sq-device.apple.com,,,
10.0.30.43,44828,443,64,C4:6A:B7:F6:BE:34,00:25:45:AA:BB:01,update.miui.com,,,
10.0.10.16,44532,443,128,F0:DE:F1:DB:CC:B9,00:25:45:AA:BB:01,eaus2watcab01.blob.core.windows.net,,,
10.0.10.32,51724,80,128,FC:AA:14:26:4C:12,00:25:45:AA:BB:01,,msftconnecttest.com,/connecttest.txt,"Mozilla/5.0 (Windows NT 10.0; Win64; x64) AppleWebKit/537.36 (KHTML, like Gecko) Chrome/124.0.0.0 Safari/537.36"
10.0.30.30,46464,443,64,A0:93:47:63:B2:B3,00:25:45:AA:BB:01,api.sec.miui.com,,,
10.0.20.16,64667,443,64,7C:6D:62:40:8C:17,00:25:45:AA:BB:01,mesu.apple.com,,,
10.0.20.35,44689,443,64,90:84:0D:5C:57:59,00:25:45:AA:BB:01,swscan.apple.com,,,
10.0.20.38,60345,443,64,7C:C5:37:04:19:FE,00:25:45:AA:BB:01,axm-adm-enroll.apple.com,,,
10.0.30.28,40683,443,64,68:DF:DD:D5:94:3A,00:25:45:AA:BB:01,userId.xiaomi.com,,,
10.0.10.20,46940,443,128,00:1A:7D:F3:54:87,00:25:45:AA:BB:01,storecatalogrevocation.storequality.microsoft.com,,,
10.0.10.49,51868,443,128,00:50:56:DB:BD:23,00:25:45:AA:BB:01,download.windowsupdate.com,,,
10.0.30.36,42159,443,64,AC:F7:F3:C6:D1:AD,00:25:45:AA:BB:01,f1.g.mi.com,,,
10.0.10.29,61884,8080,128,F0:DE:F1:87:43:B2,00:25:45:AA:BB:01,,msftncsi.com,/ncsi.txt,"Mozilla/5.0 (Windows NT 10.0; Win64; x64) AppleWebKit/537.36 (KHTML, like Gecko) Chrome/124.0.0.0 Safari/537.36"
10.0.30.26,45757,443,64,AC:F7:F3:A7:3D:03,00:25:45:AA:BB:01,staging.ai.api.xiaomi.com,,,
10.0.10.42,48903,443,128,00:50:56:E1:27:92,00:25:45:AA:BB:01,eaus2watcab02.blob.core.windows.net,,,
10.0.10.19,42806,443,128,00:1A:7D:00:A5:FA,00:25:45:AA:BB:01,download.windowsupdate.com,,,
10.0.30.14,41993,443,64,84:CF:BF:B9:37:E7,00:25:45:AA:BB:01,resolver.msg.xiaomi.net,,,
10.0.10.35,48559,443,128,00:50:56:B3:CC:A9,00:25:45:AA:BB:01,msftncsi.com,,,
10.0.20.10,42839,443,64,10:93:E9:5A:8A:F7,00:25:45:AA:BB:01,gnf-mdn.apple.com,,,
10.0.30.45,44785,443,64,B0:65:BD:0E:A3:32,00:25:45:AA:BB:01,f1.g.mi.com,,,
10.0.20.43,64351,443,64,78:CA:39:FC:3B:31,00:25:45:AA:BB:01,swscan.apple.com,,,
10.0.30.49,64488,443,64,F8:A4:5F:B8:22:0A,00:25:45:AA:BB:01,api.sec.miui.com,,,
10.0.10.15,55035,443,128,FC:AA:14:A1:CD:89,00:25:45:AA:BB:01,msedge.api.cdp.microsoft.com,,,
10.0.30.30,44798,443,64,A0:93:47:63:B2:B3,00:25:45:AA:BB:01,sdkconfig.ad.xiaomi.com,,,
10.0.30.45,55371,443,64,B0:65:BD:0E:A3:32,00:25:45:AA:BB:01,resolver.msg.xiaomi.net,,,
10.0.30.42,48192,443,64,B0:65:BD:BC:E1:EC,00:25:45:AA:BB:01,resolver.msg.xiaomi.net,,,
10.0.30.48,58699,443,64,F4:70:AB:7B:49:95,00:25:45:AA:BB:01,xshare.api.xiaomi.com,,,
10.0.20.43,52157,443,64,78:CA:39:FC:3B:31,00:25:45:AA:BB:01,fba.apple.com,,,
10.0.30.20,47410,443,64,C0:EE:FB:6C:4F:F6,00:25:45:AA:BB:01,update.miui.com,,,
10.0.20.26,48750,443,64,10:93:E9:1B:60:B9,00:25:45:AA:BB:01,mesu.apple.com,,,
10.0.40.12,50160,443,64,DC:A6:32:16:66:15,00:25:45:AA:BB:01,daisy.ubuntu.com,,,
10.0.30.12,44318,443,64,E8:BB:A8:4B:01:8D,00:25:45:AA:BB:01,connectivitycheck.android.com,,,
10.0.10.15,52964,443,128,FC:AA:14:A1:CD:89,00:25:45:AA:BB:01,tsfe.trafficshaping.dsp.mp.microsoft.com,,,
10.0.10.42,44942,443,128,00:50:56:E1:27:92,00:25:45:AA:BB:01,ctldl.windowsupdate.com,,,
10.0.10.40,41645,443,128,3C:5A:B4:CC:7C:4B,00:25:45:AA:BB:01,ctldl.windowsupdate.com,,,
10.0.10.48,58544,80,128,FC:AA:14:0D:9F:C0,00:25:45:AA:BB:01,,msftncsi.com,/ncsi.txt,"Mozilla/5.0 (Windows NT 10.0; Win64; x64) AppleWebKit/537.36 (KHTML, like Gecko) Chrome/124.0.0.0 Safari/537.36"
10.0.30.12,48213,443,64,E8:BB:A8:4B:01:8D,00:25:45:AA:BB:01,register.xmpush.xiaomi.com,,,
10.0.30.26,56392,443,64,AC:F7:F3:A7:3D:03,00:25:45:AA:BB:01,resolver.msg.xiaomi.net,,,
10.0.30.13,55605,443,64,B0:65:BD:A5:08:59,00:25:45:AA:BB:01,resolver.msg.xiaomi.net,,,
10.0.20.28,58063,443,64,78:CA:39:8B:D4:F7,00:25:45:AA:BB:01,fba.apple.com,,,
10.0.10.19,51894,443,128,00:1A:7D:00:A5:FA,00:25:45:AA:BB:01,msftncsi.com,,,
10.0.30.24,64737,443,64,C0:EE:FB:E2:D4:8B,00:25:45:AA:BB:01,voip.game.xiaomi.com,,,
10.0.20.18,57123,443,64,58:B0:35:4C:9B:2B,00:25:45:AA:BB:01,appldnld.apple.com,,,
10.0.30.46,43643,443,64,84:CF:BF:02:28:09,00:25:45:AA:BB:01,staging.ai.api.xiaomi.com,,,
10.0.20.23,49114,80,64,00:05:02:2E:75:0A,00:25:45:AA:BB:01,,captive.apple.com,/hotspot-detect.html,"Mozilla/5.0 (Macintosh; Intel Mac OS X 14_5) AppleWebKit/605.1.15 (KHTML, like Gecko) Version/17.5 Safari/605.1.15"
10.0.20.39,42953,443,64,D4:9A:20:14:9E:E1,00:25:45:AA:BB:01,static.ips.apple.com,,,
10.0.30.30,47742,443,64,A0:93:47:63:B2:B3,00:25:45:AA:BB:01,weatherapi.market.xiaomi.com,,,
10.0.10.33,50885,443,128,FC:AA:14:B5:D0:4F,00:25:45:AA:BB:01,msftncsi.com,,,
10.0.30.22,53757,443,64,10:F6:81:23:48:0F,00:25:45:AA:BB:01,userId.xiaomi.com,,,
10.0.10.12,57571,443,128,FC:AA:14:C2:31:B7,00:25:45:AA:BB:01,checkappexec.microsoft.com,,,
10.0.40.25,58065,80,64,B8:27:EB:E6:EE:B0,00:25:45:AA:BB:01,,artifacts.elastic.co,/packages,curl/8.7.1
10.0.20.19,48671,443,64,78:CA:39:1E:32:6A,00:25:45:AA:BB:01,axm-app.apple.com,,,
10.0.30.43,42748,443,64,C4:6A:B7:F6:BE:34,00:25:45:AA:BB:01,api.xiaomi.com,,,
10.0.10.41,48101,443,128,F0:DE:F1:A2:E2:DA,00:25:45:AA:BB:01,ctldl.windowsupdate.com,,,
10.0.30.21,58557,443,64,A0:93:47:0D:88:0E,00:25:45:AA:BB:01,update.miui.com,,,
10.0.10.40,58265,443,128,3C:5A:B4:CC:7C:4B,00:25:45:AA:BB:01,msedge.api.cdp.microsoft.com,,,
10.0.20.10,47990,443,64,10:93:E9:5A:8A:F7,00:25:45:AA:BB:01,updates.cdn-apple.com,,,
10.0.20.22,41306,443,64,D4:9A:20:EF:9B:CE,00:25:45:AA:BB:01,mesu.apple.com,,,
10.0.20.22,54344,443,64,D4:9A:20:EF:9B:CE,00:25:45:AA:BB:01,devimages-cdn.apple.com,,,
10.0.30.42,52513,443,64,B0:65:BD:BC:E1:EC,00:25:45:AA:BB:01,api.xiaomi.com,,,
10.0.20.27,50182,443,64,34:15:9E:3E:0E:7A,00:25:45:AA:BB:01,gdmf.apple.com,,,
10.0.30.42,44535,443,64,B0:65:BD:BC:E1:EC,00:25:45:AA:BB:01,update.miui.com,,,
10.0.10.16,60560,80,128,F0:DE:F1:DB:CC:B9,00:25:45:AA:BB:01,,msftconnecttest.com,/connecttest.txt,"Mozilla/5.0 (Windows NT 10.0; Win64; x64) AppleWebKit/537.36 (KHTML, like Gecko) Chrome/124.0.0.0 Safari/537.36"
10.0.20.13,50033,443,64,00:05:02:2F:96:71,00:25:45:AA:BB:01,gnf-mdn.apple.com,,,
10.0.10.11,62876,443,128,F0:DE:F1:65:D6:70,00:25:45:AA:BB:01,watson.telemetry.microsoft.com,,,
10.0.20.28,52569,443,64,78:CA:39:8B:D4:F7,00:25:45:AA:BB:01,tbsc.apple.com,,,
10.0.10.31,58077,443,128,00:50:56:1A:2F:D8,00:25:45:AA:BB:01,download.windowsupdate.com,,,
10.0.30.22,45157,443,64,10:F6:81:23:48:0F,00:25:45:AA:BB:01,update.miui.com,,,
10.0.30.44,52653,443,64,F8:A4:5F:71:E6:B2,00:25:45:AA:BB:01,xshare.api.xiaomi.com,,,
10.0.30.40,52344,443,64,A0:93:47:13:AC:43,00:25:45:AA:BB:01,sdkconfig.ad.intl.xiaomi.com,,,
10.0.10.12,42582,443,128,FC:AA:14:C2:31:B7,00:25:45:AA:BB:01,download.windowsupdate.com,,,
10.0.20.25,57779,8080,64,78:CA:39:CD:12:E8,00:25:45:AA:BB:01,,captive.apple.com,/hotspot-detect.html,"Mozilla/5.0 (Macintosh; Intel Mac OS X 14_5) AppleWebKit/605.1.15 (KHTML, like Gecko) Version/17.5 Safari/605.1.15"
10.0.30.18,64208,443,64,F4:70:AB:82:BF:4E,00:25:45:AA:BB:01,update.miui.com,,,
10.0.20.44,47119,443,64,90:84:0D:4F:D4:32,00:25:45:AA:BB:01,swscan.apple.com,,,
10.0.20.28,59640,443,64,78:CA:39:8B:D4:F7,00:25:45:AA:BB:01,swscan.apple.com,,,
10.0.40.29,62445,443,64,B8:27:EB:FE:94:9A,00:25:45:AA:BB:01,conncheck.opensuse.org,,,
10.0.10.47,62920,443,128,FC:AA:14:4E:7A:40,00:25:45:AA:BB:01,ctldl.windowsupdate.com,,,
10.0.30.25,48372,443,64,C0:EE:FB:F9:9D:17,00:25:45:AA:BB:01,resolver.msg.xiaomi.net,,,
10.0.10.43,46777,443,128,FC:AA:14:D4:D0:A9,00:25:45:AA:BB:01,vortex-win.data.microsoft.com,,,
10.0.20.44,54571,80,64,90:84:0D:4F:D4:32,00:25:45:AA:BB:01,,captive.apple.com,/hotspot-detect.html,"Mozilla/5.0 (Macintosh; Intel Mac OS X 14_5) AppleWebKit/605.1.15 (KHTML, like Gecko) Version/17.5 Safari/605.1.15"
10.0.40.19,52024,443,64,24:5E:BE:BE:E3:27,00:25:45:AA:BB:01,network-test.debian.org,,,
10.0.10.30,59819,443,128,FC:AA:14:44:87:3B,00:25:45:AA:BB:01,oca.telemetry.microsoft.com,,,
10.0.20.11,59534,8080,64,90:84:0D:C2:AC:0E,00:25:45:AA:BB:01,,captive.apple.com,/hotspot-detect.html,"Mozilla/5.0 (Macintosh; Intel Mac OS X 14_5) AppleWebKit/605.1.15 (KHTML, like Gecko) Version/17.5 Safari/605.1.15"
10.0.20.27,43054,443,64,34:15:9E:3E:0E:7A,00:25:45:AA:BB:01,captive.apple.com,,,
10.0.10.41,54747,443,128,F0:DE:F1:A2:E2:DA,00:25:45:AA:BB:01,emdl.ws.microsoft.com,,,
10.0.10.45,55128,443,128,3C:5A:B4:41:0D:C9,00:25:45:AA:BB:01,wns.windows.com,,,
10.0.10.39,55569,443,128,00:50:56:AB:2F:78,00:25:45:AA:BB:01,msftncsi.com,,,
10.0.20.35,60306,443,64,90:84:0D:5C:57:59,00:25:45:AA:BB:01,appldnld.apple.com.edgesuite.net,,,
10.0.30.47,59553,443,64,AC:F7:F3:3E:18:7A,00:25:45:AA:BB:01,appstore.pandora.xiaomi.com,,,
10.0.10.47,52087,443,128,FC:AA:14:4E:7A:40,00:25:45:AA:BB:01,download.windowsupdate.com,,,
10.0.10.22,46239,443,128,00:50:56:24:79:8E,00:25:45:AA:BB:01,download.windowsupdate.com,,,
10.0.10.49,54205,443,128,00:50:56:DB:BD:23,00:25:45:AA:BB:01,msedge.api.cdp.microsoft.com,,,
10.0.30.28,45631,443,64,68:DF:DD:D5:94:3A,00:25:45:AA:BB:01,f1.g.mi.com,,,
10.0.10.18,56403,443,128,3C:5A:B4:50:E8:01,00:25:45:AA:BB:01,weus2watcab01.blob.core.windows.net,,,
10.0.20.21,50079,443,64,10:93:E9:3A:73:4C,00:25:45:AA:BB:01,identity.apple.com,,,
10.0.30.27,54294,443,64,A0:93:47:B5:24:CB,00:25:45:AA:BB:01,update.miui.com,,,
10.0.40.10,51544,443,64,B8:27:EB:B0:7B:35,00:25:45:AA:BB:01,us.archive.ubuntu.com,,,
10.0.10.17,64604,443,128,F0:DE:F1:20:C5:C3,00:25:45:AA:BB:01,download.windowsupdate.com,,,
10.0.30.16,54096,443,64,AC:F7:F3:A6:C3:96,00:25:45:AA:BB:01,sdkconfig.ad.intl.xiaomi.com,,,
10.0.40.11,49615,443,64,24:5E:BE:59:ED:F5,00:25:45:AA:BB:01,us.archive.ubuntu.com,,,
10.0.30.40,54341,443,64,A0:93:47:13:AC:43,00:25:45:AA:BB:01,resolver.msg.xiaomi.net,,,
10.0.30.35,48118,443,64,F8:A4:5F:AF:2B:58,00:25:45:AA:BB:01,update.miui.com,,,
10.0.10.15,44681,443,128,FC:AA:14:A1:CD:89,00:25:45:AA:BB:01,download.windowsupdate.com,,,
10.0.30.48,46137,443,64,F4:70:AB:7B:49:95,00:25:45:AA:BB:01,staging.ai.api.xiaomi.com,,,
10.0.10.31,54478,443,128,00:50:56:1A:2F:D8,00:25:45:AA:BB:01,msedge.api.cdp.microsoft.com,,,
10.0.10.26,41873,443,128,00:50:56:6F:1D:1F,00:25:45:AA:BB:01,kmwatsonc.events.data.microsoft.com,,,
10.0.10.38,62138,443,128,3C:5A:B4:00:9B:92,00:25:45:AA:BB:01,ctldl.windowsupdate.com,,,
10.0.30.24,54087,443,64,C0:EE:FB:E2:D4:8B,00:25:45:AA:BB:01,ptmi.gitv.pandora.xiaomi.com,,,
10.0.10.47,45366,8080,128,FC:AA:14:4E:7A:40,00:25:45:AA:BB:01,,msftncsi.com,/ncsi.txt,"Mozilla/5.0 (Windows NT 10.0; Win64; x64) AppleWebKit/537.36 (KHTML, like Gecko) Chrome/124.0.0.0 Safari/537.36"
10.0.10.18,59954,80,128,3C:5A:B4:50:E8:01,00:25:45:AA:BB:01,,msftconnecttest.com,/connecttest.txt,"Mozilla/5.0 (Windows NT 10.0; Win64; x64) AppleWebKit/537.36 (KHTML, like Gecko) Chrome/124.0.0.0 Safari/537.36"
10.0.10.26,46089,80,128,00:50:56:6F:1D:1F,00:25:45:AA:BB:01,,msftncsi.com,/ncsi.txt,"Mozilla/5.0 (Windows NT 10.0; Win64; x64) AppleWebKit/537.36 (KHTML, like Gecko) Chrome/124.0.0.0 Safari/537.36"
10.0.40.27,59026,443,64,DC:A6:32:9B:2F:56,00:25:45:AA:BB:01,static.debian.org,,,
10.0.10.10,53825,443,128,FC:AA:14:0C:8C:7D,00:25:45:AA:BB:01,ctldl.windowsupdate.com,,,
10.0.40.14,42586,8080,64,24:5E:BE:DF:CC:E1,00:25:45:AA:BB:01,,security.ubuntu.com,/ubuntu,curl/8.7.1
10.0.20.21,44660,443,64,10:93:E9:3A:73:4C,00:25:45:AA:BB:01,ig.apple.com,,,
10.0.20.38,62208,443,64,7C:C5:37:04:19:FE,00:25:45:AA:BB:01,swscan.apple.com,,,
10.0.10.43,53624,443,128,FC:AA:14:D4:D0:A9,00:25:45:AA:BB:01,checkappexec.microsoft.com,,,
10.0.10.10,41041,443,128,FC:AA:14:0C:8C:7D,00:25:45:AA:BB:01,msedge.api.cdp.microsoft.com,,,
10.0.30.27,53252,443,64,A0:93:47:B5:24:CB,00:25:45:AA:BB:01,resolver.msg.xiaomi.net,,,
10.0.10.31,41444,443,128,00:50:56:1A:2F:D8,00:25:45:AA:BB:01,weus2watcab02.blob.core.windows.net,,,
10.0.20.11,50650,443,64,90:84:0D:C2:AC:0E,00:25:45:AA:BB:01,devimages-cdn.apple.com,,,
10.0.30.45,55481,443,64,B0:65:BD:0E:A3:32,00:25:45:AA:BB:01,api.xiaomi.com,,,
10.0.20.16,60901,443,64,7C:6D:62:40:8C:17,00:25:45:AA:BB:01,static.ips.apple.com,,,
10.0.20.41,59154,443,64,CC:08:E0:BB:2E:CA,00:25:45:AA:BB:01,gs.apple.com,,,
10.0.10.29,60043,80,128,F0:DE:F1:87:43:B2,00:25:45:AA:BB:01,,msftconnecttest.com,/connecttest.txt,"Mozilla/5.0 (Windows NT 10.0; Win64; x64) AppleWebKit/537.36 (KHTML, like Gecko) Chrome/124.0.0.0 Safari/537.36"
10.0.10.37,52423,443,128,00:50:56:9E:D1:A7,00:25:45:AA:BB:01,download.windowsupdate.com,,,
10.0.10.21,42208,80,128,FC:AA:14:7E:73:20,00:25:45:AA:BB:01,,msftncsi.com,/ncsi.txt,"Mozilla/5.0 (Windows NT 10.0; Win64; x64) AppleWebKit/537.36 (KHTML, like Gecko) Chrome/124.0.0.0 Safari/537.36"
10.0.10.24,57713,443,128,00:1A:7D:D8:5D:8E,00:25:45:AA:BB:01,msedge.api.cdp.microsoft.com,,,
10.0.10.26,59142,443,128,00:50:56:6F:1D:1F,00:25:45:AA:BB:01,vortex-win.data.microsoft.com,,,
10.0.10.16,62298,8080,128,F0:DE:F1:DB:CC:B9,00:25:45:AA:BB:01,,msftncsi.com,/ncsi.txt,"Mozilla/5.0 (Windows NT 10.0; Win64; x64) AppleWebKit/537.36 (KHTML, like Gecko) Chrome/124.0.0.0 Safari/537.36"
10.0.10.10,59349,443,128,FC:AA:14:0C:8C:7D,00:25:45:AA:BB:01,smartscreen.microsoft.com,,,
10.0.30.13,64304,443,64,B0:65:BD:A5:08:59,00:25:45:AA:BB:01,weatherapi.market.xiaomi.com,,,
10.0.10.32,41307,443,128,FC:AA:14:26:4C:12,00:25:45:AA:BB:01,download.windowsupdate.com,,,
10.0.30.11,46724,443,64,F4:70:AB:0A:19:AA,00:25:45:AA:BB:01,update.intl.miui.com,,,
10.0.30.16,61453,443,64,AC:F7:F3:A6:C3:96,00:25:45:AA:BB:01,sdkconfig.ad.xiaomi.com,,,
10.0.30.16,58066,443,64,AC:F7:F3:A6:C3:96,00:25:45:AA:BB:01,resolver.msg.xiaomi.net,,,
10.0.20.41,60923,443,64,CC:08:E0:BB:2E:CA,00:25:45:AA:BB:01,swscan.apple.com,,,
10.0.20.19,58087,443,64,78:CA:39:1E:32:6A,00:25:45:AA:BB:01,mesu.apple.com,,,
10.0.40.12,55512,443,64,DC:A6:32:16:66:15,00:25:45:AA:BB:01,network-test.debian.org,,,
10.0.30.27,54066,443,64,A0:93:47:B5:24:CB,00:25:45:AA:BB:01,update.intl.miui.com,,,
10.0.10.11,51149,443,128,F0:DE:F1:65:D6:70,00:25:45:AA:BB:01,msedge.api.cdp.microsoft.com,,,
10.0.10.31,64288,443,128,00:50:56:1A:2F:D8,00:25:45:AA:BB:01,ctldl.windowsupdate.com,,,
10.0.30.18,42199,443,64,F4:70:AB:82:BF:4E,00:25:45:AA:BB:01,appstore.pandora.xiaomi.com,,,
10.0.30.31,64899,443,64,F4:70:AB:26:5A:FC,00:25:45:AA:BB:01,update.intl.miui.com,,,
10.0.30.21,40200,443,64,A0:93:47:0D:88:0E,00:25:45:AA:BB:01,ptmi.gitv.pandora.xiaomi.com,,,
10.0.20.20,49440,443,64,60:33:4B:F0:95:10,00:25:45:AA:BB:01,gdmf.apple.com,,,
10.0.10.42,47577,443,128,00:50:56:E1:27:92,00:25:45:AA:BB:01,msedge.api.cdp.microsoft.com,,,
10.0.10.26,56640,80,128,00:50:56:6F:1D:1F,00:25:45:AA:BB:01,,msftconnecttest.com,/connecttest.txt,"Mozilla/5.0 (Windows NT 10.0; Win64; x64) AppleWebKit/537.36 (KHTML, like Gecko) Chrome/124.0.0.0 Safari/537.36"
10.0.10.11,51029,80,128,F0:DE:F1:65:D6:70,00:25:45:AA:BB:01,,msftncsi.com,/ncsi.txt,"Mozilla/5.0 (Windows NT 10.0; Win64; x64) AppleWebKit/537.36 (KHTML, like Gecko) Chrome/124.0.0.0 Safari/537.36"
10.0.20.10,49139,443,64,10:93:E9:5A:8A:F7,00:25:45:AA:BB:01,mesu.apple.com,,,
10.0.10.27,60295,443,128,F0:DE:F1:22:78:CE,00:25:45:AA:BB:01,dns.msftnsci.com,,,
10.0.10.48,62845,443,128,FC:AA:14:0D:9F:C0,00:25:45:AA:BB:01,ctldl.windowsupdate.com,,,
10.0.20.21,59498,443,64,10:93:E9:3A:73:4C,00:25:45:AA:BB:01,mesu.apple.com,,,
10.0.10.27,42686,443,128,F0:DE:F1:22:78:CE,00:25:45:AA:BB:01,ctldl.windowsupdate.com,,,
10.0.40.11,45972,443,64,24:5E:BE:59:ED:F5,00:25:45:AA:BB:01,villa.debian.org,,,
10.0.20.28,47986,443,64,78:CA:39:8B:D4:F7,00:25:45:AA:BB:01,idmsa.apple.com,,,
10.0.20.31,43267,443,64,CC:08:E0:C5:4D:FD,00:25:45:AA:BB:01,swscan.apple.com,,,
10.0.10.21,40235,443,128,FC:AA:14:7E:73:20,00:25:45:AA:BB:01,eaus2watcab01.blob.core.windows.net,,,
10.0.20.39,49670,443,64,D4:9A:20:14:9E:E1,00:25:45:AA:BB:01,mesu.apple.com,,,
10.0.10.33,53491,443,128,FC:AA:14:B5:D0:4F,00:25:45:AA:BB:01,ctldl.windowsupdate.com,,,
10.0.30.22,64448,443,64,10:F6:81:23:48:0F,00:25:45:AA:BB:01,resolver.msg.xiaomi.net,,,
10.0.40.17,45242,443,64,B8:27:EB:26:CF:BA,00:25:45:AA:BB:01,villa.debian.org,,,
10.0.10.39,63538,8080,128,00:50:56:AB:2F:78,00:25:45:AA:BB:01,,msftncsi.com,/ncsi.txt,"Mozilla/5.0 (Windows NT 10.0; Win64; x64) AppleWebKit/537.36 (KHTML, like Gecko) Chrome/124.0.0.0 Safari/537.36"
10.0.30.32,51532,443,64,E8:BB:A8:A1:4D:E1,00:25:45:AA:BB:01,update.miui.com,,,
10.0.10.45,48524,443,128,3C:5A:B4:41:0D:C9,00:25:45:AA:BB:01,ctldl.windowsupdate.com,,,
10.0.30.49,51701,443,64,F8:A4:5F:B8:22:0A,00:25:45:AA:BB:01,resolver.msg.xiaomi.net,,,
10.0.20.39,58991,443,64,D4:9A:20:14:9E:E1,00:25:45:AA:BB:01,smp-device-content.apple.com,,,
10.0.10.36,51934,443,128,3C:5A:B4:61:82:16,00:25:45:AA:BB:01,ceuswatcab01.blob.core.windows.net,,,
10.0.20.15,59555,443,64,90:27:E4:6E:F7:8D,00:25:45:AA:BB:01,certs.apple.com,,,
10.0.30.16,61329,443,64,AC:F7:F3:A6:C3:96,00:25:45:AA:BB:01,update.miui.com,,,
10.0.10.20,61295,8080,128,00:1A:7D:F3:54:87,00:25:45:AA:BB:01,,msftconnecttest.com,/connecttest.txt,"Mozilla/5.0 (Windows NT 10.0; Win64; x64) AppleWebKit/537.36 (KHTML, like Gecko) Chrome/124.0.0.0 Safari/537.36"
10.0.10.31,58379,80,128,00:50:56:1A:2F:D8,00:25:45:AA:BB:01,,msftncsi.com,/ncsi.txt,"Mozilla/5.0 (Windows NT 10.0; Win64; x64) AppleWebKit/537.36 (KHTML, like Gecko) Chrome/124.0.0.0 Safari/537.36"
10.0.20.27,45045,8080,64,34:15:9E:3E:0E:7A,00:25:45:AA:BB:01,,captive.apple.com,/hotspot-detect.html,"Mozilla/5.0 (Macintosh; Intel Mac OS X 14_5) AppleWebKit/605.1.15 (KHTML, like Gecko) Version/17.5 Safari/605.1.15"
10.0.30.24,43729,443,64,C0:EE:FB:E2:D4:8B,00:25:45:AA:BB:01,file.xmpush.xiaomi.com,,,
10.0.30.27,55065,443,64,A0:93:47:B5:24:CB,00:25:45:AA:BB:01,connectivitycheck.android.com,,,
10.0.10.25,45072,80,128,3C:5A:B4:F6:6D:CD,00:25:45:AA:BB:01,,msftncsi.com,/ncsi.txt,"Mozilla/5.0 (Windows NT 10.0; Win64; x64) AppleWebKit/537.36 (KHTML, like Gecko) Chrome/124.0.0.0 Safari/537.36"
10.0.10.17,48743,8080,128,F0:DE:F1:20:C5:C3,00:25:45:AA:BB:01,,msftconnecttest.com,/connecttest.txt,"Mozilla/5.0 (Windows NT 10.0; Win64; x64) AppleWebKit/537.36 (KHTML, like Gecko) Chrome/124.0.0.0 Safari/537.36"
10.0.20.35,56307,443,64,90:84:0D:5C:57:59,00:25:45:AA:BB:01,gg.apple.com,,,
10.0.10.28,54982,443,128,00:50:56:7A:87:CA,00:25:45:AA:BB:01,oca.microsoft.com,,,
10.0.10.46,61303,443,128,3C:5A:B4:8E:D7:81,00:25:45:AA:BB:01,eaus2watcab01.blob.core.windows.net,,,
10.0.10.17,43753,443,128,F0:DE:F1:20:C5:C3,00:25:45:AA:BB:01,msftconnecttest.com,,,
10.0.20.34,44770,443,64,60:33:4B:55:99:0E,00:25:45:AA:BB:01,swscan.apple.com,,,
10.0.10.22,53338,443,128,00:50:56:24:79:8E,00:25:45:AA:BB:01,msedge.api.cdp.microsoft.com,,,
10.0.10.19,63983,8080,128,00:1A:7D:00:A5:FA,00:25:45:AA:BB:01,,msftconnecttest.com,/connecttest.txt,"Mozilla/5.0 (Windows NT 10.0; Win64; x64) AppleWebKit/537.36 (KHTML, like Gecko) Chrome/124.0.0.0 Safari/537.36"
10.0.30.32,49000,443,64,E8:BB:A8:A1:4D:E1,00:25:45:AA:BB:01,api.xiaomi.com,,,
10.0.10.49,63177,80,128,00:50:56:DB:BD:23,00:25:45:AA:BB:01,,msftncsi.com,/ncsi.txt,"Mozilla/5.0 (Windows NT 10.0; Win64; x64) AppleWebKit/537.36 (KHTML, like Gecko) Chrome/124.0.0.0 Safari/537.36"
10.0.30.36,43096,443,64,AC:F7:F3:C6:D1:AD,00:25:45:AA:BB:01,f1.g.mi.com,,,
10.0.30.22,52125,443,64,10:F6:81:23:48:0F,00:25:45:AA:BB:01,resolver.msg.xiaomi.net,,,
10.0.10.19,47892,443,128,00:1A:7D:00:A5:FA,00:25:45:AA:BB:01,vortex-win.data.microsoft.com,,,
10.0.30.22,51170,443,64,10:F6:81:23:48:0F,00:25:45:AA:BB:01,login.game.xiaomi.com,,,
10.0.20.29,48754,443,64,3C:07:54:8D:D4:AE,00:25:45:AA:BB:01,playgrounds-assets-cdn.apple.com,,,
10.0.20.44,52141,443,64,90:84:0D:4F:D4:32,00:25:45:AA:BB:01,mesu.apple.com,,,
10.0.10.30,64327,443,128,FC:AA:14:44:87:3B,00:25:45:AA:BB:01,update.microsoft.com,,,
10.0.10.48,49882,443,128,FC:AA:14:0D:9F:C0,00:25:45:AA:BB:01,msedge.api.cdp.microsoft.com,,,
10.0.30.34,54762,443,64,10:F6:81:EC:15:E6,00:25:45:AA:BB:01,resolver.msg.xiaomi.net,,,
10.0.20.12,62629,443,64,7C:6D:62:05:61:2B,00:25:45:AA:BB:01,gg.apple.com,,,
10.0.10.40,43492,8080,128,3C:5A:B4:CC:7C:4B,00:25:45:AA:BB:01,,msftconnecttest.com,/connecttest.txt,"Mozilla/5.0 (Windows NT 10.0; Win64; x64) AppleWebKit/537.36 (KHTML, like Gecko) Chrome/124.0.0.0 Safari/537.36"
10.0.10.16,64765,443,128,F0:DE:F1:DB:CC:B9,00:25:45:AA:BB:01,smartscreen.microsoft.com,,,
10.0.30.10,61027,443,64,E8:BB:A8:32:BC:B7,00:25:45:AA:BB:01,resolver.msg.xiaomi.net,,,
10.0.20.42,61274,443,64,34:15:9E:0C:A7:71,00:25:45:AA:BB:01,skl.apple.com,,,
10.0.20.31,54972,80,64,CC:08:E0:C5:4D:FD,00:25:45:AA:BB:01,,captive.apple.com,/hotspot-detect.html,"Mozilla/5.0 (Macintosh; Intel Mac OS X 14_5) AppleWebKit/605.1.15 (KHTML, like Gecko) Version/17.5 Safari/605.1.15"
10.0.10.33,45324,443,128,FC:AA:14:B5:D0:4F,00:25:45:AA:BB:01,eaus2watcab02.blob.core.windows.net,,,
10.0.40.25,41815,443,64,B8:27:EB:E6:EE:B0,00:25:45:AA:BB:01,artifacts.elastic.co,,,
10.0.20.30,41430,443,64,7C:6D:62:C1:E9:A4,00:25:45:AA:BB:01,swscan.apple.com,,,
10.0.10.32,62349,80,128,FC:AA:14:26:4C:12,00:25:45:AA:BB:01,,msftncsi.com,/ncsi.txt,"Mozilla/5.0 (Windows NT 10.0; Win64; x64) AppleWebKit/537.36 (KHTML, like Gecko) Chrome/124.0.0.0 Safari/537.36"
10.0.20.41,52485,443,64,CC:08:E0:BB:2E:CA,00:25:45:AA:BB:01,mesu.apple.com,,,
10.0.30.42,45310,443,64,B0:65:BD:BC:E1:EC,00:25:45:AA:BB:01,staging.ai.api.xiaomi.com,,,
10.0.30.43,56821,443,64,C4:6A:B7:F6:BE:34,00:25:45:AA:BB:01,login.game.xiaomi.com,,,
10.0.40.21,54812,80,64,24:5E:BE:FB:66:3E,00:25:45:AA:BB:01,,artifacts.elastic.co,/packages,curl/8.7.1
10.0.20.15,51825,443,64,90:27:E4:6E:F7:8D,00:25:45:AA:BB:01,swscan.apple.com,,,
10.0.10.45,41647,443,128,3C:5A:B4:41:0D:C9,00:25:45:AA:BB:01,umwatsonc.events.data.microsoft.com,,,
10.0.10.25,48690,443,128,3C:5A:B4:F6:6D:CD,00:25:45:AA:BB:01,licensing.mp.microsoft.com,,,
10.0.30.42,59813,443,64,B0:65:BD:BC:E1:EC,00:25:45:AA:BB:01,voip.game.xiaomi.com,,,
10.0.10.49,61218,443,128,00:50:56:DB:BD:23,00:25:45:AA:BB:01,ntp.msn.com,,,
10.0.30.32,41840,443,64,E8:BB:A8:A1:4D:E1,00:25:45:AA:BB:01,update.intl.miui.com,,,
10.0.20.29,44869,443,64,3C:07:54:8D:D4:AE,00:25:45:AA:BB:01,audiocontentdownload.apple.com,,,
10.0.20.24,43427,443,64,90:84:0D:DF:FB:2E,00:25:45:AA:BB:01,mesu.apple.com,,,
10.0.30.12,51738,443,64,E8:BB:A8:4B:01:8D,00:25:45:AA:BB:01,resolver.msg.xiaomi.net,,,
10.0.40.23,58076,80,64,DC:A6:32:79:FC:0D,00:25:45:AA:BB:01,,conncheck.opensuse.org,/,curl/8.7.1
10.0.10.10,47623,80,128,FC:AA:14:0C:8C:7D,00:25:45:AA:BB:01,,msftncsi.com,/ncsi.txt,"Mozilla/5.0 (Windows NT 10.0; Win64; x64) AppleWebKit/537.36 (KHTML, like Gecko) Chrome/124.0.0.0 Safari/537.36"
10.0.30.49,52232,443,64,F8:A4:5F:B8:22:0A,00:25:45:AA:BB:01,userId.xiaomi.com,,,
10.0.10.31,45294,443,128,00:50:56:1A:2F:D8,00:25:45:AA:BB:01,weus2watcab01.blob.core.windows.net,,,
10.0.10.23,63862,443,128,00:50:56:D8:D2:EF,00:25:45:AA:BB:01,msedge.api.cdp.microsoft.com,,,
10.0.40.28,46907,443,64,B8:27:EB:29:17:87,00:25:45:AA:BB:01,villa.debian.org,,,
10.0.20.30,53460,443,64,7C:6D:62:C1:E9:A4,00:25:45:AA:BB:01,mesu.apple.com,,,
10.0.40.12,53049,443,64,DC:A6:32:16:66:15,00:25:45:AA:BB:01,network-test.debian.org,,,
10.0.20.20,60481,80,64,60:33:4B:F0:95:10,00:25:45:AA:BB:01,,captive.apple.com,/hotspot-detect.html,"Mozilla/5.0 (Macintosh; Intel Mac OS X 14_5) AppleWebKit/605.1.15 (KHTML, like Gecko) Version/17.5 Safari/605.1.15"
10.0.20.29,49783,443,64,3C:07:54:8D:D4:AE,00:25:45:AA:BB:01,apple.com,,,
10.0.10.12,52403,443,128,FC:AA:14:C2:31:B7,00:25:45:AA:BB:01,msedge.api.cdp.microsoft.com,,,
10.0.20.25,61550,443,64,78:CA:39:CD:12:E8,00:25:45:AA:BB:01,updates.cdn-apple.com,,,
10.0.30.23,55914,443,64,AC:F7:F3:A6:2B:1A,00:25:45:AA:BB:01,resolver.msg.xiaomi.net,,,
10.0.10.13,52455,443,128,F0:DE:F1:62:23:17,00:25:45:AA:BB:01,update.microsoft.com,,,
10.0.30.20,58812,443,64,C0:EE:FB:6C:4F:F6,00:25:45:AA:BB:01,api.sec.miui.com,,,
10.0.20.34,57405,8080,64,60:33:4B:55:99:0E,00:25:45:AA:BB:01,,captive.apple.com,/hotspot-detect.html,"Mozilla/5.0 (Macintosh; Intel Mac OS X 14_5) AppleWebKit/605.1.15 (KHTML, like Gecko) Version/17.5 Safari/605.1.15"
10.0.10.15,48081,8080,128,FC:AA:14:A1:CD:89,00:25:45:AA:BB:01,,msftncsi.com,/ncsi.txt,"Mozilla/5.0 (Windows NT 10.0; Win64; x64) AppleWebKit/537.36 (KHTML, like Gecko) Chrome/124.0.0.0 Safari/537.36"
10.0.20.42,41485,80,64,34:15:9E:0C:A7:71,00:25:45:AA:BB:01,,captive.apple.com,/hotspot-detect.html,"Mozilla/5.0 (Macintosh; Intel Mac OS X 14_5) AppleWebKit/605.1.15 (KHTML, like Gecko) Version/17.5 Safari/605.1.15"
10.0.30.25,41795,443,64,C0:EE:FB:F9:9D:17,00:25:45:AA:BB:01,sdkconfig.ad.intl.xiaomi.com,,,
10.0.10.15,46913,443,128,FC:AA:14:A1:CD:89,00:25:45:AA:BB:01,tile-service.weather.microsoft.com,,,
10.0.10.31,44286,443,128,00:50:56:1A:2F:D8,00:25:45:AA:BB:01,msftconnecttest.com,,,
10.0.10.23,62064,443,128,00:50:56:D8:D2:EF,00:25:45:AA:BB:01,vortex-win.data.microsoft.com,,,
10.0.20.32,57485,8080,64,58:B0:35:D1:4F:26,00:25:45:AA:BB:01,,captive.apple.com,/hotspot-detect.html,"Mozilla/5.0 (Macintosh; Intel Mac OS X 14_5) AppleWebKit/605.1.15 (KHTML, like Gecko) Version/17.5 Safari/605.1.15"
10.0.30.23,48916,443,64,AC:F7:F3:A6:2B:1A,00:25:45:AA:BB:01,resolver.msg.xiaomi.net,,,
10.0.10.34,53056,8080,128,3C:5A:B4:13:F0:71,00:25:45:AA:BB:01,,msftconnecttest.com,/connecttest.txt,"Mozilla/5.0 (Windows NT 10.0; Win64; x64) AppleWebKit/537.36 (KHTML, like Gecko) Chrome/124.0.0.0 Safari/537.36"
10.0.30.24,49281,443,64,C0:EE:FB:E2:D4:8B,00:25:45:AA:BB:01,sdkconfig.ad.xiaomi.com,,,
10.0.30.34,44943,443,64,10:F6:81:EC:15:E6,00:25:45:AA:BB:01,file.xmpush.xiaomi.com,,,
10.0.30.36,49310,443,64,AC:F7:F3:C6:D1:AD,00:25:45:AA:BB:01,resolver.msg.xiaomi.net,,,
10.0.20.43,61970,443,64,78:CA:39:FC:3B:31,00:25:45:AA:BB:01,mesu.apple.com,,,
10.0.20.14,64342,443,64,B8:FF:61:E8:8A:9C,00:25:45:AA:BB:01,swscan.apple.com,,,
10.0.10.45,50710,8080,128,3C:5A:B4:41:0D:C9,00:25:45:AA:BB:01,,msftncsi.com,/ncsi.txt,"Mozilla/5.0 (Windows NT 10.0; Win64; x64) AppleWebKit/537.36 (KHTML, like Gecko) Chrome/124.0.0.0 Safari/537.36"
10.0.20.36,51323,443,64,60:33:4B:82:04:EE,00:25:45:AA:BB:01,bpapi.apple.com,,,
10.0.20.22,64069,443,64,D4:9A:20:EF:9B:CE,00:25:45:AA:BB:01,updates.cdn-apple.com,,,
10.0.20.15,43294,443,64,90:27:E4:6E:F7:8D,00:25:45:AA:BB:01,oscdn.apple.com,,,
10.0.30.28,42887,443,64,68:DF:DD:D5:94:3A,00:25:45:AA:BB:01,ptmi.gitv.pandora.xiaomi.com,,,
10.0.30.10,61717,443,64,E8:BB:A8:32:BC:B7,00:25:45:AA:BB:01,resolver.msg.xiaomi.net,,,
10.0.30.47,43632,443,64,AC:F7:F3:3E:18:7A,00:25:45:AA:BB:01,resolver.msg.xiaomi.net,,,
10.0.10.40,55222,443,128,3C:5A:B4:CC:7C:4B,00:25:45:AA:BB:01,tlu.dl.delivery.mp.microsoft.com,,,
10.0.20.24,50921,443,64,90:84:0D:DF:FB:2E,00:25:45:AA:BB:01,suconfig.apple.com,,,
10.0.10.21,41929,80,128,FC:AA:14:7E:73:20,00:25:45:AA:BB:01,,msftconnecttest.com,/connecttest.txt,"Mozilla/5.0 (Windows NT 10.0; Win64; x64) AppleWebKit/537.36 (KHTML, like Gecko) Chrome/124.0.0.0 Safari/537.36"
10.0.20.25,40037,443,64,78:CA:39:CD:12:E8,00:25:45:AA:BB:01,swscan.apple.com,,,
10.0.20.14,43917,443,64,B8:FF:61:E8:8A:9C,00:25:45:AA:BB:01,mesu.apple.com,,,
10.0.20.34,48001,443,64,60:33:4B:55:99:0E,00:25:45:AA:BB:01,updates.cdn-apple.com,,,
10.0.20.27,55120,443,64,34:15:9E:3E:0E:7A,00:25:45:AA:BB:01,mesu.apple.com,,,
10.0.10.36,61765,443,128,3C:5A:B4:61:82:16,00:25:45:AA:BB:01,download.windowsupdate.com,,,
10.0.20.16,62852,443,64,7C:6D:62:40:8C:17,00:25:45:AA:BB:01,osrecovery.apple.com,,,
10.0.10.43,62790,443,128,FC:AA:14:D4:D0:A9,00:25:45:AA:BB:01,msedge.api.cdp.microsoft.com,,,
10.0.20.26,60493,443,64,10:93:E9:1B:60:B9,00:25:45:AA:BB:01,devimages-cdn.apple.com,,,
10.0.20.11,51626,443,64,90:84:0D:C2:AC:0E,00:25:45:AA:BB:01,axm-app.apple.com,,,
10.0.30.31,64721,443,64,F4:70:AB:26:5A:FC,00:25:45:AA:BB:01,login.game.xiaomi.com,,,
10.0.30.36,62229,443,64,AC:F7:F3:C6:D1:AD,00:25:45:AA:BB:01,register.xmpush.xiaomi.com,,,
10.0.30.41,55368,443,64,C4:6A:B7:D2:BA:79,00:25:45:AA:BB:01,resolver.msg.xiaomi.net,,,
10.0.10.45,52422,443,128,3C:5A:B4:41:0D:C9,00:25:45:AA:BB:01,msedge.api.cdp.microsoft.com,,,
10.0.10.37,46286,443,128,00:50:56:9E:D1:A7,00:25:45:AA:BB:01,wns.windows.com,,,
10.0.40.17,64572,443,64,B8:27:EB:26:CF:BA,00:25:45:AA:BB:01,network-test.debian.org,,,
10.0.10.21,59282,443,128,FC:AA:14:7E:73:20,00:25:45:AA:BB:01,eaus2watcab01.blob.core.windows.net,,,
10.0.20.39,63997,443,64,D4:9A:20:14:9E:E1,00:25:45:AA:BB:01,ppq.apple.com,,,
10.0.30.25,44496,443,64,C0:EE:FB:F9:9D:17,00:25:45:AA:BB:01,update.miui.com,,,
10.0.40.26,60809,443,64,DC:A6:32:A5:73:B1,00:25:45:AA:BB:01,security.ubuntu.com,,,
10.0.30.17,53631,443,64,68:DF:DD:6E:DC:E7,00:25:45:AA:BB:01,userId.xiaomi.com,,,
10.0.10.29,49338,443,128,F0:DE:F1:87:43:B2,00:25:45:AA:BB:01,dmd.metaservices.microsoft.com,,,
10.0.10.36,54132,443,128,3C:5A:B4:61:82:16,00:25:45:AA:BB:01,ctldl.windowsupdate.com,,,
10.0.10.24,54520,443,128,00:1A:7D:D8:5D:8E,00:25:45:AA:BB:01,tile-service.weather.microsoft.com,,,
10.0.30.38,61958,443,64,F8:A4:5F:9E:C0:A8,00:25:45:AA:BB:01,weatherapi.market.xiaomi.com,,,
10.0.20.20,47648,443,64,60:33:4B:F0:95:10,00:25:45:AA:BB:01,swscan.apple.com,,,
10.0.10.19,47846,443,128,00:1A:7D:00:A5:FA,00:25:45:AA:BB:01,oca.microsoft.com,,,
10.0.10.29,54358,443,128,F0:DE:F1:87:43:B2,00:25:45:AA:BB:01,watson.telemetry.microsoft.com,,,
10.0.20.40,43773,443,64,90:27:E4:43:BB:8B,00:25:45:AA:BB:01,updates-http.cdn-apple.com,,,
10.0.10.30,63514,443,128,FC:AA:14:44:87:3B,00:25:45:AA:BB:01,msedge.api.cdp.microsoft.com,,,
10.0.40.24,61048,443,64,B8:27:EB:21:9E:CB,00:25:45:AA:BB:01,daisy.ubuntu.com,,,
10.0.20.18,54762,443,64,58:B0:35:4C:9B:2B,00:25:45:AA:BB:01,swscan.apple.com,,,
10.0.30.24,62232,443,64,C0:EE:FB:E2:D4:8B,00:25:45:AA:BB:01,resolver.msg.xiaomi.net,,,
10.0.20.39,53615,80,64,D4:9A:20:14:9E:E1,00:25:45:AA:BB:01,,captive.apple.com,/hotspot-detect.html,"Mozilla/5.0 (Macintosh; Intel Mac OS X 14_5) AppleWebKit/605.1.15 (KHTML, like Gecko) Version/17.5 Safari/605.1.15"
10.0.30.16,56565,443,64,AC:F7:F3:A6:C3:96,00:25:45:AA:BB:01,login.game.xiaomi.com,,,
10.0.20.39,64493,443,64,D4:9A:20:14:9E:E1,00:25:45:AA:BB:01,updates.cdn-apple.com,,,
10.0.10.28,40305,443,128,00:50:56:7A:87:CA,00:25:45:AA:BB:01,msedge.api.cdp.microsoft.com,,,
10.0.10.42,50476,443,128,00:50:56:E1:27:92,00:25:45:AA:BB:01,evoke-windowsservices-tas.msedge.net,,,
10.0.10.18,45008,8080,128,3C:5A:B4:50:E8:01,00:25:45:AA:BB:01,,msftncsi.com,/ncsi.txt,"Mozilla/5.0 (Windows NT 10.0; Win64; x64) AppleWebKit/537.36 (KHTML, like Gecko) Chrome/124.0.0.0 Safari/537.36"
10.0.30.29,50167,443,64,B0:65:BD:DF:CD:28,00:25:45:AA:BB:01,userId.xiaomi.com,,,
10.0.20.29,54632,443,64,3C:07:54:8D:D4:AE,00:25:45:AA:BB:01,mesu.apple.com,,,
10.0.20.37,40718,8080,64,60:33:4B:9A:65:C4,00:25:45:AA:BB:01,,captive.apple.com,/hotspot-detect.html,"Mozilla/5.0 (Macintosh; Intel Mac OS X 14_5) AppleWebKit/605.1.15 (KHTML, like Gecko) Version/17.5 Safari/605.1.15"
10.0.10.24,45449,8080,128,00:1A:7D:D8:5D:8E,00:25:45:AA:BB:01,,msftncsi.com,/ncsi.txt,"Mozilla/5.0 (Windows NT 10.0; Win64; x64) AppleWebKit/537.36 (KHTML, like Gecko) Chrome/124.0.0.0 Safari/537.36"
10.0.30.37,63227,443,64,AC:F7:F3:4C:AA:29,00:25:45:AA:BB:01,resolver.msg.xiaomi.net,,,
10.0.10.35,54239,443,128,00:50:56:B3:CC:A9,00:25:45:AA:BB:01,download.windowsupdate.com,,,
10.0.10.12,58089,8080,128,FC:AA:14:C2:31:B7,00:25:45:AA:BB:01,,msftconnecttest.com,/connecttest.txt,"Mozilla/5.0 (Windows NT 10.0; Win64; x64) AppleWebKit/537.36 (KHTML, like Gecko) Chrome/124.0.0.0 Safari/537.36"
10.0.40.22,56670,443,64,24:5E:BE:21:94:99,00:25:45:AA:BB:01,daisy.ubuntu.com,,,
10.0.10.13,49482,443,128,F0:DE:F1:62:23:17,00:25:45:AA:BB:01,eaus2watcab01.blob.core.windows.net,,,
10.0.30.15,42408,443,64,84:CF:BF:CD:DA:37,00:25:45:AA:BB:01,login.game.xiaomi.com,,,
10.0.40.25,49965,80,64,B8:27:EB:E6:EE:B0,00:25:45:AA:BB:01,,security.ubuntu.com,/ubuntu,curl/8.7.1
10.0.30.37,61745,443,64,AC:F7:F3:4C:AA:29,00:25:45:AA:BB:01,update.intl.miui.com,,,
10.0.40.15,49687,443,64,DC:A6:32:96:A4:34,00:25:45:AA:BB:01,security.ubuntu.com,,,
10.0.30.37,61497,443,64,AC:F7:F3:4C:AA:29,00:25:45:AA:BB:01,api.xiaomi.com,,,
10.0.30.25,52951,443,64,C0:EE:FB:F9:9D:17,00:25:45:AA:BB:01,xshare.api.xiaomi.com,,,
10.0.30.19,51586,443,64,C4:66:99:1E:A8:3E,00:25:45:AA:BB:01,staging.ai.api.xiaomi.com,,,
10.0.10.14,60971,443,128,00:1A:7D:88:24:57,00:25:45:AA:BB:01,weus2watcab02.blob.core.windows.net,,,
10.0.30.34,42027,443,64,10:F6:81:EC:15:E6,00:25:45:AA:BB:01,update.miui.com,,,
10.0.10.25,54909,443,128,3C:5A:B4:F6:6D:CD,00:25:45:AA:BB:01,ctldl.windowsupdate.com,,,
10.0.30.48,61770,443,64,F4:70:AB:7B:49:95,00:25:45:AA:BB:01,update.miui.com,,,
10.0.20.40,48420,443,64,90:27:E4:43:BB:8B,00:25:45:AA:BB:01,identity.apple.com,,,
10.0.10.36,50819,8080,128,3C:5A:B4:61:82:16,00:25:45:AA:BB:01,,msftconnecttest.com,/connecttest.txt,"Mozilla/5.0 (Windows NT 10.0; Win64; x64) AppleWebKit/537.36 (KHTML, like Gecko) Chrome/124.0.0.0 Safari/537.36"
10.0.30.35,52217,443,64,F8:A4:5F:AF:2B:58,00:25:45:AA:BB:01,resolver.msg.xiaomi.net,,,
10.0.20.27,61224,443,64,34:15:9E:3E:0E:7A,00:25:45:AA:BB:01,updates.cdn-apple.com,,,
10.0.20.36,62203,443,64,60:33:4B:82:04:EE,00:25:45:AA:BB:01,oscdn.apple.com,,,
10.0.20.20,63035,443,64,60:33:4B:F0:95:10,00:25:45:AA:BB:01,oscdn.apple.com,,,
10.0.40.16,54252,443,64,E8:94:F6:55:E3:B3,00:25:45:AA:BB:01,static.debian.org,,,
10.0.10.22,47020,443,128,00:50:56:24:79:8E,00:25:45:AA:BB:01,tsfe.trafficshaping.dsp.mp.microsoft.com,,,
10.0.30.29,47260,443,64,B0:65:BD:DF:CD:28,00:25:45:AA:BB:01,f1.g.mi.com,,,
10.0.10.19,42267,80,128,00:1A:7D:00:A5:FA,00:25:45:AA:BB:01,,msftncsi.com,/ncsi.txt,"Mozilla/5.0 (Windows NT 10.0; Win64; x64) AppleWebKit/537.36 (KHTML, like Gecko) Chrome/124.0.0.0 Safari/537.36"
10.0.30.34,55585,443,64,10:F6:81:EC:15:E6,00:25:45:AA:BB:01,sdkconfig.ad.intl.xiaomi.com,,,
10.0.10.39,60030,443,128,00:50:56:AB:2F:78,00:25:45:AA:BB:01,ctldl.windowsupdate.com,,,
10.0.10.25,62825,8080,128,3C:5A:B4:F6:6D:CD,00:25:45:AA:BB:01,,msftconnecttest.com,/connecttest.txt,"Mozilla/5.0 (Windows NT 10.0; Win64; x64) AppleWebKit/537.36 (KHTML, like Gecko) Chrome/124.0.0.0 Safari/537.36"
10.0.10.24,40483,443,128,00:1A:7D:D8:5D:8E,00:25:45:AA:BB:01,download.windowsupdate.com,,,
10.0.40.16,60954,443,64,E8:94:F6:55:E3:B3,00:25:45:AA:BB:01,ntp.ubuntu.com,,,
10.0.10.44,55998,443,128,00:50:56:98:C7:D6,00:25:45:AA:BB:01,eaus2watcab01.blob.core.windows.net,,,
10.0.10.37,58166,443,128,00:50:56:9E:D1:A7,00:25:45:AA:BB:01,oca.telemetry.microsoft.com,,,
10.0.30.44,52991,443,64,F8:A4:5F:71:E6:B2,00:25:45:AA:BB:01,update.miui.com,,,
10.0.20.40,44612,443,64,90:27:E4:43:BB:8B,00:25:45:AA:BB:01,updates.cdn-apple.com,,,
10.0.20.30,64402,8080,64,7C:6D:62:C1:E9:A4,00:25:45:AA:BB:01,,captive.apple.com,/hotspot-detect.html,"Mozilla/5.0 (Macintosh; Intel Mac OS X 14_5) AppleWebKit/605.1.15 (KHTML, like Gecko) Version/17.5 Safari/605.1.15"
10.0.30.15,63343,443,64,84:CF:BF:CD:DA:37,00:25:45:AA:BB:01,appstore.pandora.xiaomi.com,,,
10.0.30.40,45316,443,64,A0:93:47:13:AC:43,00:25:45:AA:BB:01,weatherapi.market.xiaomi.com,,,
10.0.20.35,59108,443,64,90:84:0D:5C:57:59,00:25:45:AA:BB:01,mesu.apple.com,,,
10.0.20.19,42459,443,64,78:CA:39:1E:32:6A,00:25:45:AA:BB:01,swscan.apple.com,,,
10.0.20.29,55870,443,64,3C:07:54:8D:D4:AE,00:25:45:AA:BB:01,updates.cdn-apple.com,,,
10.0.10.24,41657,443,128,00:1A:7D:D8:5D:8E,00:25:45:AA:BB:01,update.microsoft.com,,,
10.0.20.17,53130,443,64,34:15:9E:F5:E1:AE,00:25:45:AA:BB:01,mesu.apple.com,,,
10.0.10.18,56635,443,128,3C:5A:B4:50:E8:01,00:25:45:AA:BB:01,umwatsonc.events.data.microsoft.com,,,
10.0.20.36,53903,8080,64,60:33:4B:82:04:EE,00:25:45:AA:BB:01,,captive.apple.com,/hotspot-detect.html,"Mozilla/5.0 (Macintosh; Intel Mac OS X 14_5) AppleWebKit/605.1.15 (KHTML, like Gecko) Version/17.5 Safari/605.1.15"
10.0.10.35,59024,443,128,00:50:56:B3:CC:A9,00:25:45:AA:BB:01,umwatsonc.events.data.microsoft.com,,,
10.0.10.44,40951,443,128,00:50:56:98:C7:D6,00:25:45:AA:BB:01,ctldl.windowsupdate.com,,,
10.0.30.33,60152,443,64,F8:A4:5F:9E:EC:E7,00:25:45:AA:BB:01,resolver.msg.xiaomi.net,,,
10.0.30.15,44860,443,64,84:CF:BF:CD:DA:37,00:25:45:AA:BB:01,sdkconfig.ad.intl.xiaomi.com,,,
10.0.10.32,41370,443,128,FC:AA:14:26:4C:12,00:25:45:AA:BB:01,wns.windows.com,,,
10.0.20.12,63595,443,64,7C:6D:62:05:61:2B,00:25:45:AA:BB:01,gg.apple.com,,,
10.0.10.18,60937,443,128,3C:5A:B4:50:E8:01,00:25:45:AA:BB:01,msedge.api.cdp.microsoft.com,,,
10.0.10.44,52742,443,128,00:50:56:98:C7:D6,00:25:45:AA:BB:01,msedge.api.cdp.microsoft.com,,,
10.0.30.10,54900,443,64,E8:BB:A8:32:BC:B7,00:25:45:AA:BB:01,sdkconfig.ad.xiaomi.com,,,
10.0.20.14,63635,443,64,B8:FF:61:E8:8A:9C,00:25:45:AA:BB:01,humb.apple.com,,,
10.0.30.41,50140,443,64,C4:6A:B7:D2:BA:79,00:25:45:AA:BB:01,update.miui.com,,,
10.0.10.34,55083,443,128,3C:5A:B4:13:F0:71,00:25:45:AA:BB:01,ceuswatcab01.blob.core.windows.net,,,
10.0.10.34,50000,443,128,3C:5A:B4:13:F0:71,00:25:45:AA:BB:01,ctldl.windowsupdate.com,,,
10.0.10.38,56750,443,128,3C:5A:B4:00:9B:92,00:25:45:AA:BB:01,download.windowsupdate.com,,,
10.0.30.31,54709,443,64,F4:70:AB:26:5A:FC,00:25:45:AA:BB:01,update.intl.miui.com,,,
10.0.10.33,45216,80,128,FC:AA:14:B5:D0:4F,00:25:45:AA:BB:01,,msftncsi.com,/ncsi.txt,"Mozilla/5.0 (Windows NT 10.0; Win64; x64) AppleWebKit/537.36 (KHTML, like Gecko) Chrome/124.0.0.0 Safari/537.36"
10.0.10.36,61737,80,128,3C:5A:B4:61:82:16,00:25:45:AA:BB:01,,msftncsi.com,/ncsi.txt,"Mozilla/5.0 (Windows NT 10.0; Win64; x64) AppleWebKit/537.36 (KHTML, like Gecko) Chrome/124.0.0.0 Safari/537.36"
10.0.20.11,48465,443,64,90:84:0D:C2:AC:0E,00:25:45:AA:BB:01,mesu.apple.com,,,
10.0.20.17,56113,443,64,34:15:9E:F5:E1:AE,00:25:45:AA:BB:01,swscan.apple.com,,,
10.0.30.19,50238,443,64,C4:66:99:1E:A8:3E,00:25:45:AA:BB:01,sdkconfig.ad.intl.xiaomi.com,,,
10.0.30.18,52210,443,64,F4:70:AB:82:BF:4E,00:25:45:AA:BB:01,resolver.msg.xiaomi.net,,,
10.0.10.18,56635,443,128,3C:5A:B4:50:E8:01,00:25:45:AA:BB:01,download.windowsupdate.com,,,
10.0.40.19,49132,443,64,24:5E:BE:BE:E3:27,00:25:45:AA:BB:01,ping.manjaro.org,,,
10.0.40.13,50876,443,64,24:5E:BE:12:61:92,00:25:45:AA:BB:01,villa.debian.org,,,
10.0.10.36,57643,443,128,3C:5A:B4:61:82:16,00:25:45:AA:BB:01,tlu.dl.delivery.mp.microsoft.com,,,
10.0.10.28,64637,443,128,00:50:56:7A:87:CA,00:25:45:AA:BB:01,kmwatsonc.events.data.microsoft.com,,,
10.0.10.12,59782,443,128,FC:AA:14:C2:31:B7,00:25:45:AA:BB:01,ctldl.windowsupdate.com,,,
10.0.20.40,42467,443,64,90:27:E4:43:BB:8B,00:25:45:AA:BB:01,swscan.apple.com,,,
10.0.10.14,62549,443,128,00:1A:7D:88:24:57,00:25:45:AA:BB:01,ctldl.windowsupdate.com,,,
10.0.10.13,51954,80,128,F0:DE:F1:62:23:17,00:25:45:AA:BB:01,,msftconnecttest.com,/connecttest.txt,"Mozilla/5.0 (Windows NT 10.0; Win64; x64) AppleWebKit/537.36 (KHTML, like Gecko) Chrome/124.0.0.0 Safari/537.36"
10.0.30.39,49692,443,64,C4:66:99:6D:AE:F8,00:25:45:AA:BB:01,resolver.msg.xiaomi.net,,,
10.0.30.44,52253,443,64,F8:A4:5F:71:E6:B2,00:25:45:AA:BB:01,file.xmpush.xiaomi.com,,,
10.0.20.15,47454,443,64,90:27:E4:6E:F7:8D,00:25:45:AA:BB:01,mesu.apple.com,,,
10.0.10.32,59087,443,128,FC:AA:14:26:4C:12,00:25:45:AA:BB:01,dmd.metaservices.microsoft.com,,,
10.0.10.37,62846,443,128,00:50:56:9E:D1:A7,00:25:45:AA:BB:01,msedge.api.cdp.microsoft.com,,,
10.0.40.13,44078,443,64,24:5E:BE:12:61:92,00:25:45:AA:BB:01,ntp.ubuntu.com,,,
10.0.30.14,47259,443,64,84:CF:BF:B9:37:E7,00:25:45:AA:BB:01,file.xmpush.xiaomi.com,,,
10.0.30.13,57238,443,64,B0:65:BD:A5:08:59,00:25:45:AA:BB:01,staging.ai.api.xiaomi.com,,,
10.0.30.19,51522,443,64,C4:66:99:1E:A8:3E,00:25:45:AA:BB:01,update.miui.com,,,
10.0.20.18,54507,443,64,58:B0:35:4C:9B:2B,00:25:45:AA:BB:01,updates.cdn-apple.com,,,
10.0.10.10,62174,443,128,FC:AA:14:0C:8C:7D,00:25:45:AA:BB:01,update.microsoft.com,,,
10.0.20.24,51401,443,64,90:84:0D:DF:FB:2E,00:25:45:AA:BB:01,idmsa.apple.com,,,
10.0.10.26,56477,443,128,00:50:56:6F:1D:1F,00:25:45:AA:BB:01,emdl.ws.microsoft.com,,,
10.0.10.35,41253,443,128,00:50:56:B3:CC:A9,00:25:45:AA:BB:01,weus2watcab01.blob.core.windows.net,,,
10.0.20.41,44049,443,64,CC:08:E0:BB:2E:CA,00:25:45:AA:BB:01,captive.apple.com,,,
10.0.20.17,55654,443,64,34:15:9E:F5:E1:AE,00:25:45:AA:BB:01,gnf-mr.apple.com,,,
10.0.10.29,49912,443,128,F0:DE:F1:87:43:B2,00:25:45:AA:BB:01,download.windowsupdate.com,,,
10.0.20.23,55417,443,64,00:05:02:2E:75:0A,00:25:45:AA:BB:01,iprofiles.apple.com,,,
10.0.30.38,43062,443,64,F8:A4:5F:9E:C0:A8,00:25:45:AA:BB:01,file.xmpush.xiaomi.com,,,
10.0.10.39,42386,443,128,00:50:56:AB:2F:78,00:25:45:AA:BB:01,msedge.api.cdp.microsoft.com,,,
10.0.30.44,42674,443,64,F8:A4:5F:71:E6:B2,00:25:45:AA:BB:01,update.miui.com,,,
10.0.10.13,60830,443,128,F0:DE:F1:62:23:17,00:25:45:AA:BB:01,download.windowsupdate.com,,,
10.0.20.36,42420,443,64,60:33:4B:82:04:EE,00:25:45:AA:BB:01,gdmf.apple.com,,,
10.0.30.33,56615,443,64,F8:A4:5F:9E:EC:E7,00:25:45:AA:BB:01,resolver.msg.xiaomi.net,,,
10.0.30.24,62223,443,64,C0:EE:FB:E2:D4:8B,00:25:45:AA:BB:01,update.miui.com,,,
10.0.30.21,51135,443,64,A0:93:47:0D:88:0E,00:25:45:AA:BB:01,api.xiaomi.com,,,
10.0.10.18,49779,443,128,3C:5A:B4:50:E8:01,00:25:45:AA:BB:01,ctldl.windowsupdate.com,,,
10.0.10.39,47361,443,128,00:50:56:AB:2F:78,00:25:45:AA:BB:01,oca.microsoft.com,,,
10.0.10.13,54857,443,128,F0:DE:F1:62:23:17,00:25:45:AA:BB:01,msedge.api.cdp.microsoft.com,,,
10.0.20.23,57005,443,64,00:05:02:2E:75:0A,00:25:45:AA:BB:01,mesu.apple.com,,,
10.0.40.14,46121,443,64,24:5E:BE:DF:CC:E1,00:25:45:AA:BB:01,ping.manjaro.org,,,
10.0.10.42,52551,443,128,00:50:56:E1:27:92,00:25:45:AA:BB:01,download.windowsupdate.com,,,
10.0.40.21,50472,443,64,24:5E:BE:FB:66:3E,00:25:45:AA:BB:01,villa.debian.org,,,
10.0.30.41,47837,443,64,C4:6A:B7:D2:BA:79,00:25:45:AA:BB:01,register.xmpush.xiaomi.com,,,
10.0.10.41,64634,443,128,F0:DE:F1:A2:E2:DA,00:25:45:AA:BB:01,weus2watcab01.blob.core.windows.net,,,
10.0.10.47,55238,443,128,FC:AA:14:4E:7A:40,00:25:45:AA:BB:01,ceuswatcab02.blob.core.windows.net,,,
10.0.20.16,43361,443,64,7C:6D:62:40:8C:17,00:25:45:AA:BB:01,updates.cdn-apple.com,,,
10.0.10.23,41986,443,128,00:50:56:D8:D2:EF,00:25:45:AA:BB:01,update.microsoft.com,,,
10.0.40.28,53650,443,64,B8:27:EB:29:17:87,00:25:45:AA:BB:01,static.debian.org,,,
10.0.10.17,62338,443,128,F0:DE:F1:20:C5:C3,00:25:45:AA:BB:01,ctldl.windowsupdate.com,,,
10.0.20.38,63623,80,64,7C:C5:37:04:19:FE,00:25:45:AA:BB:01,,captive.apple.com,/hotspot-detect.html,"Mozilla/5.0 (Macintosh; Intel Mac OS X 14_5) AppleWebKit/605.1.15 (KHTML, like Gecko) Version/17.5 Safari/605.1.15"
10.0.10.43,52762,443,128,FC:AA:14:D4:D0:A9,00:25:45:AA:BB:01,displaycatalog.mp.microsoft.com,,,
10.0.30.37,51462,443,64,AC:F7:F3:4C:AA:29,00:25:45:AA:BB:01,weatherapi.market.xiaomi.com,,,
10.0.10.30,56561,8080,128,FC:AA:14:44:87:3B,00:25:45:AA:BB:01,,msftncsi.com,/ncsi.txt,"Mozilla/5.0 (Windows NT 10.0; Win64; x64) AppleWebKit/537.36 (KHTML, like Gecko) Chrome/124.0.0.0 Safari/537.36"
10.0.10.20,53074,443,128,00:1A:7D:F3:54:87,00:25:45:AA:BB:01,msedge.api.cdp.microsoft.com,,,
10.0.10.19,42580,443,128,00:1A:7D:00:A5:FA,00:25:45:AA:BB:01,msedge.api.cdp.microsoft.com,,,
10.0.10.44,55913,443,128,00:50:56:98:C7:D6,00:25:45:AA:BB:01,storecatalogrevocation.storequality.microsoft.com,,,
10.0.10.46,41319,443,128,3C:5A:B4:8E:D7:81,00:25:45:AA:BB:01,download.windowsupdate.com,,,
10.0.10.22,61593,8080,128,00:50:56:24:79:8E,00:25:45:AA:BB:01,,msftncsi.com,/ncsi.txt,"Mozilla/5.0 (Windows NT 10.0; Win64; x64) AppleWebKit/537.36 (KHTML, like Gecko) Chrome/124.0.0.0 Safari/537.36"
10.0.10.42,44534,443,128,00:50:56:E1:27:92,00:25:45:AA:BB:01,smartscreen.microsoft.com,,,
10.0.20.30,47653,443,64,7C:6D:62:C1:E9:A4,00:25:45:AA:BB:01,updates-http.cdn-apple.com,,,
10.0.30.23,53894,443,64,AC:F7:F3:A6:2B:1A,00:25:45:AA:BB:01,update.miui.com,,,
10.0.20.24,53488,8080,64,90:84:0D:DF:FB:2E,00:25:45:AA:BB:01,,captive.apple.com,/hotspot-detect.html,"Mozilla/5.0 (Macintosh; Intel Mac OS X 14_5) AppleWebKit/605.1.15 (KHTML, like Gecko) Version/17.5 Safari/605.1.15"
10.0.10.13,52130,8080,128,F0:DE:F1:62:23:17,00:25:45:AA:BB:01,,msftncsi.com,/ncsi.txt,"Mozilla/5.0 (Windows NT 10.0; Win64; x64) AppleWebKit/537.36 (KHTML, like Gecko) Chrome/124.0.0.0 Safari/537.36"
10.0.10.17,58128,443,128,F0:DE:F1:20:C5:C3,00:25:45:AA:BB:01,weus2watcab01.blob.core.windows.net,,,
10.0.40.10,64090,443,64,B8:27:EB:B0:7B:35,00:25:45:AA:BB:01,static.debian.org,,,
10.0.30.10,53046,443,64,E8:BB:A8:32:BC:B7,00:25:45:AA:BB:01,update.miui.com,,,
10.0.30.41,47667,443,64,C4:6A:B7:D2:BA:79,00:25:45:AA:BB:01,login.game.xiaomi.com,,,
10.0.10.33,53510,443,128,FC:AA:14:B5:D0:4F,00:25:45:AA:BB:01,umwatsonc.events.data.microsoft.com,,,
10.0.20.15,45879,443,64,90:27:E4:6E:F7:8D,00:25:45:AA:BB:01,updates.cdn-apple.com,,,
10.0.30.26,63057,443,64,AC:F7:F3:A7:3D:03,00:25:45:AA:BB:01,register.xmpush.xiaomi.com,,,
10.0.10.38,47002,443,128,3C:5A:B4:00:9B:92,00:25:45:AA:BB:01,msedge.api.cdp.microsoft.com,,,
10.0.10.43,40640,443,128,FC:AA:14:D4:D0:A9,00:25:45:AA:BB:01,download.windowsupdate.com,,,
10.0.10.20,50214,443,128,00:1A:7D:F3:54:87,00:25:45:AA:BB:01,ctldl.windowsupdate.com,,,
10.0.40.21,42876,443,64,24:5E:BE:FB:66:3E,00:25:45:AA:BB:01,ping.archlinux.org,,,
10.0.10.37,60169,8080,128,00:50:56:9E:D1:A7,00:25:45:AA:BB:01,,msftncsi.com,/ncsi.txt,"Mozilla/5.0 (Windows NT 10.0; Win64; x64) AppleWebKit/537.36 (KHTML, like Gecko) Chrome/124.0.0.0 Safari/537.36"
10.0.30.29,56727,443,64,B0:65:BD:DF:CD:28,00:25:45:AA:BB:01,resolver.msg.xiaomi.net,,,
10.0.40.29,54404,443,64,B8:27:EB:FE:94:9A,00:25:45:AA:BB:01,ping.archlinux.org,,,
10.0.30.43,48938,443,64,C4:6A:B7:F6:BE:34,00:25:45:AA:BB:01,tracking.miui.com,,,
10.0.30.12,44259,443,64,E8:BB:A8:4B:01:8D,00:25:45:AA:BB:01,weatherapi.market.xiaomi.com,,,
10.0.10.29,63053,443,128,F0:DE:F1:87:43:B2,00:25:45:AA:BB:01,msedge.api.cdp.microsoft.com,,,
10.0.30.28,55076,443,64,68:DF:DD:D5:94:3A,00:25:45:AA:BB:01,sdkconfig.ad.intl.xiaomi.com,,,
10.0.10.27,58667,443,128,F0:DE:F1:22:78:CE,00:25:45:AA:BB:01,download.windowsupdate.com,,,
10.0.10.38,54086,443,128,3C:5A:B4:00:9B:92,00:25:45:AA:BB:01,ceuswatcab02.blob.core.windows.net,,,
10.0.10.38,54488,443,128,3C:5A:B4:00:9B:92,00:25:45:AA:BB:01,manage.devcenter.microsoft.com,,,
10.0.20.18,43881,443,64,58:B0:35:4C:9B:2B,00:25:45:AA:BB:01,gnf-mdn.apple.com,,,
10.0.20.44,62619,443,64,90:84:0D:4F:D4:32,00:25:45:AA:BB:01,smp-device-content.apple.com,,,
10.0.10.25,45394,443,128,3C:5A:B4:F6:6D:CD,00:25:45:AA:BB:01,vortex-win.data.microsoft.com,,,
10.0.10.49,60826,8080,128,00:50:56:DB:BD:23,00:25:45:AA:BB:01,,msftconnecttest.com,/connecttest.txt,"Mozilla/5.0 (Windows NT 10.0; Win64; x64) AppleWebKit/537.36 (KHTML, like Gecko) Chrome/124.0.0.0 Safari/537.36"
10.0.20.37,49674,443,64,60:33:4B:9A:65:C4,00:25:45:AA:BB:01,updates.cdn-apple.com,,,
10.0.20.43,57701,8080,64,78:CA:39:FC:3B:31,00:25:45:AA:BB:01,,captive.apple.com,/hotspot-detect.html,"Mozilla/5.0 (Macintosh; Intel Mac OS X 14_5) AppleWebKit/605.1.15 (KHTML, like Gecko) Version/17.5 Safari/605.1.15"
10.0.40.16,51552,443,64,E8:94:F6:55:E3:B3,00:25:45:AA:BB:01,conncheck.opensuse.org,,,
10.0.10.49,56062,443,128,00:50:56:DB:BD:23,00:25:45:AA:BB:01,displaycatalog.mp.microsoft.com,,,
10.0.20.32,61293,443,64,58:B0:35:D1:4F:26,00:25:45:AA:BB:01,updates.cdn-apple.com,,,
10.0.30.44,53595,443,64,F8:A4:5F:71:E6:B2,00:25:45:AA:BB:01,connectivitycheck.android.com,,,
10.0.30.29,45509,443,64,B0:65:BD:DF:CD:28,00:25:45:AA:BB:01,f1.g.mi.com,,,
10.0.20.41,52172,443,64,CC:08:E0:BB:2E:CA,00:25:45:AA:BB:01,updates.cdn-apple.com,,,
10.0.20.16,40401,8080,64,7C:6D:62:40:8C:17,00:25:45:AA:BB:01,,captive.apple.com,/hotspot-detect.html,"Mozilla/5.0 (Macintosh; Intel Mac OS X 14_5) AppleWebKit/605.1.15 (KHTML, like Gecko) Version/17.5 Safari/605.1.15"
10.0.20.42,60820,443,64,34:15:9E:0C:A7:71,00:25:45:AA:BB:01,fbs.smoot.apple.com,,,
10.0.10.11,53848,443,128,F0:DE:F1:65:D6:70,00:25:45:AA:BB:01,ctldl.windowsupdate.com,,,
10.0.10.48,62421,443,128,FC:AA:14:0D:9F:C0,00:25:45:AA:BB:01,download.windowsupdate.com,,,
10.0.20.12,55600,443,64,7C:6D:62:05:61:2B,00:25:45:AA:BB:01,mesu.apple.com,,,
10.0.40.22,62944,80,64,24:5E:BE:21:94:99,00:25:45:AA:BB:01,,artifacts.elastic.co,/packages,curl/8.7.1
10.0.20.29,57648,443,64,3C:07:54:8D:D4:AE,00:25:45:AA:BB:01,swscan.apple.com,,,
10.0.10.40,45763,443,128,3C:5A:B4:CC:7C:4B,00:25:45:AA:BB:01,eaus2watcab01.blob.core.windows.net,,,
10.0.20.20,42332,443,64,60:33:4B:F0:95:10,00:25:45:AA:BB:01,fba.apple.com,,,
10.0.10.43,59139,443,128,FC:AA:14:D4:D0:A9,00:25:45:AA:BB:01,ctldl.windowsupdate.com,,,
10.0.10.10,43070,80,128,FC:AA:14:0C:8C:7D,00:25:45:AA:BB:01,,msftconnecttest.com,/connecttest.txt,"Mozilla/5.0 (Windows NT 10.0; Win64; x64) AppleWebKit/537.36 (KHTML, like Gecko) Chrome/124.0.0.0 Safari/537.36"
10.0.40.18,54743,443,64,E8:94:F6:11:40:22,00:25:45:AA:BB:01,villa.debian.org,,,
10.0.20.11,51152,443,64,90:84:0D:C2:AC:0E,00:25:45:AA:BB:01,swscan.apple.com,,,
10.0.30.16,62995,443,64,AC:F7:F3:A6:C3:96,00:25:45:AA:BB:01,sdkconfig.ad.xiaomi.com,,,
10.0.30.39,57687,443,64,C4:66:99:6D:AE:F8,00:25:45:AA:BB:01,update.miui.com,,,
10.0.10.33,64086,443,128,FC:AA:14:B5:D0:4F,00:25:45:AA:BB:01,download.windowsupdate.com,,,
10.0.10.22,63702,443,128,00:50:56:24:79:8E,00:25:45:AA:BB:01,wns.windows.com,,,
10.0.30.46,47786,443,64,84:CF:BF:02:28:09,00:25:45:AA:BB:01,resolver.msg.xiaomi.net,,,
10.0.10.21,40689,443,128,FC:AA:14:7E:73:20,00:25:45:AA:BB:01,evoke-windowsservices-tas.msedge.net,,,
10.0.30.39,56635,443,64,C4:66:99:6D:AE:F8,00:25:45:AA:BB:01,sdkconfig.ad.xiaomi.com,,,
10.0.30.47,40538,443,64,AC:F7:F3:3E:18:7A,00:25:45:AA:BB:01,resolver.msg.xiaomi.net,,,
10.0.20.26,44293,443,64,10:93:E9:1B:60:B9,00:25:45:AA:BB:01,updates.cdn-apple.com,,,
10.0.20.23,61348,443,64,00:05:02:2E:75:0A,00:25:45:AA:BB:01,swscan.apple.com,,,
10.0.30.34,50535,443,64,10:F6:81:EC:15:E6,00:25:45:AA:BB:01,voip.game.xiaomi.com,,,
10.0.30.10,46950,443,64,E8:BB:A8:32:BC:B7,00:25:45:AA:BB:01,update.miui.com,,,
10.0.10.47,45498,80,128,FC:AA:14:4E:7A:40,00:25:45:AA:BB:01,,msftconnecttest.com,/connecttest.txt,"Mozilla/5.0 (Windows NT 10.0; Win64; x64) AppleWebKit/537.36 (KHTML, like Gecko) Chrome/124.0.0.0 Safari/537.36"
10.0.20.13,57397,443,64,00:05:02:2F:96:71,00:25:45:AA:BB:01,swscan.apple.com,,,
10.0.10.11,45094,80,128,F0:DE:F1:65:D6:70,00:25:45:AA:BB:01,,msftconnecttest.com,/connecttest.txt,"Mozilla/5.0 (Windows NT 10.0; Win64; x64) AppleWebKit/537.36 (KHTML, like Gecko) Chrome/124.0.0.0 Safari/537.36"
10.0.30.31,60817,443,64,F4:70:AB:26:5A:FC,00:25:45:AA:BB:01,update.miui.com,,,
10.0.10.42,63147,80,128,00:50:56:E1:27:92,00:25:45:AA:BB:01,,msftncsi.com,/ncsi.txt,"Mozilla/5.0 (Windows NT 10.0; Win64; x64) AppleWebKit/537.36 (KHTML, like Gecko) Chrome/124.0.0.0 Safari/537.36"
10.0.20.31,43288,443,64,CC:08:E0:C5:4D:FD,00:25:45:AA:BB:01,swscan.apple.com,,,
10.0.30.39,47423,443,64,C4:66:99:6D:AE:F8,00:25:45:AA:BB:01,voip.game.xiaomi.com,,,
10.0.30.17,50240,443,64,68:DF:DD:6E:DC:E7,00:25:45:AA:BB:01,resolver.msg.xiaomi.net,,,
10.0.10.24,61369,443,128,00:1A:7D:D8:5D:8E,00:25:45:AA:BB:01,ctldl.windowsupdate.com,,,
10.0.10.34,46328,443,128,3C:5A:B4:13:F0:71,00:25:45:AA:BB:01,download.windowsupdate.com,,,
10.0.10.44,63729,80,128,00:50:56:98:C7:D6,00:25:45:AA:BB:01,,msftncsi.com,/ncsi.txt,"Mozilla/5.0 (Windows NT 10.0; Win64; x64) AppleWebKit/537.36 (KHTML, like Gecko) Chrome/124.0.0.0 Safari/537.36"
10.0.20.32,62097,443,64,58:B0:35:D1:4F:26,00:25:45:AA:BB:01,updates.cdn-apple.com,,,
10.0.30.45,41255,443,64,B0:65:BD:0E:A3:32,00:25:45:AA:BB:01,weatherapi.market.xiaomi.com,,,
10.0.30.48,51561,443,64,F4:70:AB:7B:49:95,00:25:45:AA:BB:01,sdkconfig.ad.intl.xiaomi.com,,,
10.0.20.36,59253,443,64,60:33:4B:82:04:EE,00:25:45:AA:BB:01,mesu.apple.com,,,
10.0.30.33,41864,443,64,F8:A4:5F:9E:EC:E7,00:25:45:AA:BB:01,update.miui.com,,,
10.0.30.23,45158,443,64,AC:F7:F3:A6:2B:1A,00:25:45:AA:BB:01,weatherapi.market.xiaomi.com,,,
10.0.20.30,50426,443,64,7C:6D:62:C1:E9:A4,00:25:45:AA:BB:01,updates.cdn-apple.com,,,
10.0.10.46,42248,443,128,3C:5A:B4:8E:D7:81,00:25:45:AA:BB:01,ctldl.windowsupdate.com,,,
10.0.20.13,55507,443,64,00:05:02:2F:96:71,00:25:45:AA:BB:01,appldnld.apple.com,,,
10.0.10.23,48147,443,128,00:50:56:D8:D2:EF,00:25:45:AA:BB:01,download.windowsupdate.com,,,
10.0.30.12,40486,443,64,E8:BB:A8:4B:01:8D,00:25:45:AA:BB:01,update.miui.com,,,
10.0.30.25,46698,443,64,C0:EE:FB:F9:9D:17,00:25:45:AA:BB:01,connectivitycheck.android.com,,,
10.0.10.11,40212,443,128,F0:DE:F1:65:D6:70,00:25:45:AA:BB:01,weus2watcab02.blob.core.windows.net,,,
10.0.30.14,41020,443,64,84:CF:BF:B9:37:E7,00:25:45:AA:BB:01,update.miui.com,,,
10.0.10.47,61936,443,128,FC:AA:14:4E:7A:40,00:25:45:AA:BB:01,emdl.ws.microsoft.com,,,
10.0.10.33,48131,8080,128,FC:AA:14:B5:D0:4F,00:25:45:AA:BB:01,,msftconnecttest.com,/connecttest.txt,"Mozilla/5.0 (Windows NT 10.0; Win64; x64) AppleWebKit/537.36 (KHTML, like Gecko) Chrome/124.0.0.0 Safari/537.36"
10.0.20.36,60936,443,64,60:33:4B:82:04:EE,00:25:45:AA:BB:01,updates.cdn-apple.com,,,
10.0.20.22,59596,443,64,D4:9A:20:EF:9B:CE,00:25:45:AA:BB:01,swallow.apple.com,,,
10.0.10.14,47196,443,128,00:1A:7D:88:24:57,00:25:45:AA:BB:01,download.windowsupdate.com,,,
10.0.10.32,51948,443,128,FC:AA:14:26:4C:12,00:25:45:AA:BB:01,msedge.api.cdp.microsoft.com,,,
10.0.20.25,53244,443,64,78:CA:39:CD:12:E8,00:25:45:AA:BB:01,gs.apple.com,,,
10.0.10.32,50101,443,128,FC:AA:14:26:4C:12,00:25:45:AA:BB:01,ctldl.windowsupdate.com,,,
10.0.10.14,62433,8080,128,00:1A:7D:88:24:57,00:25:45:AA:BB:01,,msftconnecttest.com,/connecttest.txt,"Mozilla/5.0 (Windows NT 10.0; Win64; x64) AppleWebKit/537.36 (KHTML, like Gecko) Chrome/124.0.0.0 Safari/537.36"
10.0.20.42,53379,443,64,34:15:9E:0C:A7:71,00:25:45:AA:BB:01,mesu.apple.com,,,
10.0.10.39,54923,443,128,00:50:56:AB:2F:78,00:25:45:AA:BB:01,download.windowsupdate.com,,,
10.0.30.32,56624,443,64,E8:BB:A8:A1:4D:E1,00:25:45:AA:BB:01,resolver.msg.xiaomi.net,,,
10.0.10.21,42326,443,128,FC:AA:14:7E:73:20,00:25:45:AA:BB:01,ctldl.windowsupdate.com,,,
10.0.10.17,57595,443,128,F0:DE:F1:20:C5:C3,00:25:45:AA:BB:01,msedge.api.cdp.microsoft.com,,,
10.0.30.49,55405,443,64,F8:A4:5F:B8:22:0A,00:25:45:AA:BB:01,userId.xiaomi.com,,,
10.0.20.11,55976,443,64,90:84:0D:C2:AC:0E,00:25:45:AA:BB:01,mdmenrollment.apple.com,,,
10.0.30.21,61539,443,64,A0:93:47:0D:88:0E,00:25:45:AA:BB:01,resolver.msg.xiaomi.net,,,
10.0.10.35,59548,443,128,00:50:56:B3:CC:A9,00:25:45:AA:BB:01,msedge.api.cdp.microsoft.com,,,
10.0.20.34,50629,443,64,60:33:4B:55:99:0E,00:25:45:AA:BB:01,api.apple-cloudkit.com,,,
10.0.20.33,63065,80,64,18:E7:F4:F9:12:23,00:25:45:AA:BB:01,,captive.apple.com,/hotspot-detect.html,"Mozilla/5.0 (Macintosh; Intel Mac OS X 14_5) AppleWebKit/605.1.15 (KHTML, like Gecko) Version/17.5 Safari/605.1.15"
10.0.20.23,54490,443,64,00:05:02:2E:75:0A,00:25:45:AA:BB:01,updates.cdn-apple.com,,,
10.0.10.30,48924,443,128,FC:AA:14:44:87:3B,00:25:45:AA:BB:01,notify.windows.com,,,
10.0.30.44,52285,443,64,F8:A4:5F:71:E6:B2,00:25:45:AA:BB:01,resolver.msg.xiaomi.net,,,
10.0.10.10,40976,443,128,FC:AA:14:0C:8C:7D,00:25:45:AA:BB:01,download.windowsupdate.com,,,
10.0.30.26,52458,443,64,AC:F7:F3:A7:3D:03,00:25:45:AA:BB:01,weatherapi.market.xiaomi.com,,,
10.0.30.18,42797,443,64,F4:70:AB:82:BF:4E,00:25:45:AA:BB:01,resolver.msg.xiaomi.net,,,
10.0.20.33,54220,443,64,18:E7:F4:F9:12:23,00:25:45:AA:BB:01,doh.dns.apple.com,,,
10.0.20.12,61164,443,64,7C:6D:62:05:61:2B,00:25:45:AA:BB:01,swscan.apple.com,,,
10.0.20.24,50807,443,64,90:84:0D:DF:FB:2E,00:25:45:AA:BB:01,updates.cdn-apple.com,,,
10.0.10.22,43090,80,128,00:50:56:24:79:8E,00:25:45:AA:BB:01,,msftconnecttest.com,/connecttest.txt,"Mozilla/5.0 (Windows NT 10.0; Win64; x64) AppleWebKit/537.36 (KHTML, like Gecko) Chrome/124.0.0.0 Safari/537.36"
10.0.10.16,45008,443,128,F0:DE:F1:DB:CC:B9,00:25:45:AA:BB:01,download.windowsupdate.com,,,
10.0.10.39,53580,80,128,00:50:56:AB:2F:78,00:25:45:AA:BB:01,,msftconnecttest.com,/connecttest.txt,"Mozilla/5.0 (Windows NT 10.0; Win64; x64) AppleWebKit/537.36 (KHTML, like Gecko) Chrome/124.0.0.0 Safari/537.36"
10.0.10.38,61589,80,128,3C:5A:B4:00:9B:92,00:25:45:AA:BB:01,,msftncsi.com,/ncsi.txt,"Mozilla/5.0 (Windows NT 10.0; Win64; x64) AppleWebKit/537.36 (KHTML, like Gecko) Chrome/124.0.0.0 Safari/537.36"
10.0.20.41,43550,80,64,CC:08:E0:BB:2E:CA,00:25:45:AA:BB:01,,captive.apple.com,/hotspot-detect.html,"Mozilla/5.0 (Macintosh; Intel Mac OS X 14_5) AppleWebKit/605.1.15 (KHTML, like Gecko) Version/17.5 Safari/605.1.15"
10.0.40.10,44371,443,64,B8:27:EB:B0:7B:35,00:25:45:AA:BB:01,daisy.ubuntu.com,,,
10.0.30.32,60689,443,64,E8:BB:A8:A1:4D:E1,00:25:45:AA:BB:01,login.game.xiaomi.com,,,
10.0.10.40,48165,443,128,3C:5A:B4:CC:7C:4B,00:25:45:AA:BB:01,download.windowsupdate.com,,,
10.0.30.15,44135,443,64,84:CF:BF:CD:DA:37,00:25:45:AA:BB:01,resolver.msg.xiaomi.net,,,
10.0.10.23,57573,8080,128,00:50:56:D8:D2:EF,00:25:45:AA:BB:01,,msftncsi.com,/ncsi.txt,"Mozilla/5.0 (Windows NT 10.0; Win64; x64) AppleWebKit/537.36 (KHTML, like Gecko) Chrome/124.0.0.0 Safari/537.36"
10.0.30.41,64654,443,64,C4:6A:B7:D2:BA:79,00:25:45:AA:BB:01,api.xiaomi.com,,,
10.0.10.44,61917,8080,128,00:50:56:98:C7:D6,00:25:45:AA:BB:01,,msftconnecttest.com,/connecttest.txt,"Mozilla/5.0 (Windows NT 10.0; Win64; x64) AppleWebKit/537.36 (KHTML, like Gecko) Chrome/124.0.0.0 Safari/537.36"
10.0.30.46,57294,443,64,84:CF:BF:02:28:09,00:25:45:AA:BB:01,sdkconfig.ad.intl.xiaomi.com,,,
10.0.10.44,51014,443,128,00:50:56:98:C7:D6,00:25:45:AA:BB:01,download.windowsupdate.com,,,
10.0.20.43,57614,443,64,78:CA:39:FC:3B:31,00:25:45:AA:BB:01,gg.apple.com,,,
10.0.10.35,51327,8080,128,00:50:56:B3:CC:A9,00:25:45:AA:BB:01,,msftconnecttest.com,/connecttest.txt,"Mozilla/5.0 (Windows NT 10.0; Win64; x64) AppleWebKit/537.36 (KHTML, like Gecko) Chrome/124.0.0.0 Safari/537.36"
10.0.10.37,53777,443,128,00:50:56:9E:D1:A7,00:25:45:AA:BB:01,ctldl.windowsupdate.com,,,
10.0.20.34,52282,443,64,60:33:4B:55:99:0E,00:25:45:AA:BB:01,xp.apple.com,,,
10.0.10.42,62739,80,128,00:50:56:E1:27:92,00:25:45:AA:BB:01,,msftconnecttest.com,/connecttest.txt,"Mozilla/5.0 (Windows NT 10.0; Win64; x64) AppleWebKit/537.36 (KHTML, like Gecko) Chrome/124.0.0.0 Safari/537.36"
10.0.20.28,64454,80,64,78:CA:39:8B:D4:F7,00:25:45:AA:BB:01,,captive.apple.com,/hotspot-detect.html,"Mozilla/5.0 (Macintosh; Intel Mac OS X 14_5) AppleWebKit/605.1.15 (KHTML, like Gecko) Version/17.5 Safari/605.1.15"
10.0.20.14,64975,80,64,B8:FF:61:E8:8A:9C,00:25:45:AA:BB:01,,captive.apple.com,/hotspot-detect.html,"Mozilla/5.0 (Macintosh; Intel Mac OS X 14_5) AppleWebKit/605.1.15 (KHTML, like Gecko) Version/17.5 Safari/605.1.15"
10.0.10.20,59876,443,128,00:1A:7D:F3:54:87,00:25:45:AA:BB:01,tlu.dl.delivery.mp.microsoft.com,,,
10.0.30.23,61690,443,64,AC:F7:F3:A6:2B:1A,00:25:45:AA:BB:01,login.game.xiaomi.com,,,
10.0.10.15,61064,443,128,FC:AA:14:A1:CD:89,00:25:45:AA:BB:01,ctldl.windowsupdate.com,,,
10.0.40.20,58404,80,64,DC:A6:32:3A:0D:5F,00:25:45:AA:BB:01,,conncheck.opensuse.org,/,curl/8.7.1
10.0.10.28,55017,443,128,00:50:56:7A:87:CA,00:25:45:AA:BB:01,download.windowsupdate.com,,,
10.0.40.26,49307,443,64,DC:A6:32:A5:73:B1,00:25:45:AA:BB:01,network-test.debian.org,,,
10.0.20.22,56399,443,64,D4:9A:20:EF:9B:CE,00:25:45:AA:BB:01,ig.apple.com,,,
10.0.20.19,45129,443,64,78:CA:39:1E:32:6A,00:25:45:AA:BB:01,updates.cdn-apple.com,,,
10.0.20.43,62822,443,64,78:CA:39:FC:3B:31,00:25:45:AA:BB:01,updates.cdn-apple.com,,,
10.0.30.13,42082,443,64,B0:65:BD:A5:08:59,00:25:45:AA:BB:01,update.miui.com,,,
10.0.10.25,49347,443,128,3C:5A:B4:F6:6D:CD,00:25:45:AA:BB:01,msedge.api.cdp.microsoft.com,,,
10.0.10.46,64714,80,128,3C:5A:B4:8E:D7:81,00:25:45:AA:BB:01,,msftconnecttest.com,/connecttest.txt,"Mozilla/5.0 (Windows NT 10.0; Win64; x64) AppleWebKit/537.36 (KHTML, like Gecko) Chrome/124.0.0.0 Safari/537.36"
10.0.10.45,54044,443,128,3C:5A:B4:41:0D:C9,00:25:45:AA:BB:01,msftncsi.com,,,
10.0.30.11,58160,443,64,F4:70:AB:0A:19:AA,00:25:45:AA:BB:01,resolver.msg.xiaomi.net,,,
10.0.20.15,49707,443,64,90:27:E4:6E:F7:8D,00:25:45:AA:BB:01,axm-adm-enroll.apple.com,,,
10.0.30.33,61124,443,64,F8:A4:5F:9E:EC:E7,00:25:45:AA:BB:01,resolver.msg.xiaomi.net,,,
10.0.20.10,54771,443,64,10:93:E9:5A:8A:F7,00:25:45:AA:BB:01,swscan.apple.com,,,
10.0.20.35,47608,443,64,90:84:0D:5C:57:59,00:25:45:AA:BB:01,updates.cdn-apple.com,,,
10.0.30.28,43468,443,64,68:DF:DD:D5:94:3A,00:25:45:AA:BB:01,resolver.msg.xiaomi.net,,,
10.0.30.45,63119,443,64,B0:65:BD:0E:A3:32,00:25:45:AA:BB:01,update.miui.com,,,
10.0.10.48,63429,443,128,FC:AA:14:0D:9F:C0,00:25:45:AA:BB:01,msedge.api.cdp.microsoft.com,,,
10.0.10.38,55505,80,128,3C:5A:B4:00:9B:92,00:25:45:AA:BB:01,,msftconnecttest.com,/connecttest.txt,"Mozilla/5.0 (Windows NT 10.0; Win64; x64) AppleWebKit/537.36 (KHTML, like Gecko) Chrome/124.0.0.0 Safari/537.36"
10.0.10.48,42490,443,128,FC:AA:14:0D:9F:C0,00:25:45:AA:BB:01,ceuswatcab01.blob.core.windows.net,,,
10.0.30.43,44085,443,64,C4:6A:B7:F6:BE:34,00:25:45:AA:BB:01,file.xmpush.xiaomi.com,,,
10.0.10.45,50726,443,128,3C:5A:B4:41:0D:C9,00:25:45:AA:BB:01,download.windowsupdate.com,,,
10.0.10.41,60894,443,128,F0:DE:F1:A2:E2:DA,00:25:45:AA:BB:01,msedge.api.cdp.microsoft.com,,,
10.0.10.34,61627,443,128,3C:5A:B4:13:F0:71,00:25:45:AA:BB:01,msedge.api.cdp.microsoft.com,,,
10.0.40.29,42391,443,64,B8:27:EB:FE:94:9A,00:25:45:AA:BB:01,ping.manjaro.org,,,
10.0.30.19,43394,443,64,C4:66:99:1E:A8:3E,00:25:45:AA:BB:01,resolver.msg.xiaomi.net,,,
10.0.30.48,40051,443,64,F4:70:AB:7B:49:95,00:25:45:AA:BB:01,staging.ai.api.xiaomi.com,,,
10.0.30.25,46921,443,64,C0:EE:FB:F9:9D:17,00:25:45:AA:BB:01,api.xiaomi.com,,,
10.0.20.16,58132,443,64,7C:6D:62:40:8C:17,00:25:45:AA:BB:01,query.ess.apple.com,,,
10.0.20.44,49166,443,64,90:84:0D:4F:D4:32,00:25:45:AA:BB:01,suconfig.apple.com,,,
10.0.20.14,50339,443,64,B8:FF:61:E8:8A:9C,00:25:45:AA:BB:01,axm-adm-enroll.apple.com,,,
10.0.30.37,59498,443,64,AC:F7:F3:4C:AA:29,00:25:45:AA:BB:01,update.miui.com,,,
10.0.20.31,54427,443,64,CC:08:E0:C5:4D:FD,00:25:45:AA:BB:01,mesu.apple.com,,,
10.0.10.32,54083,443,128,FC:AA:14:26:4C:12,00:25:45:AA:BB:01,notify.windows.com,,,
10.0.30.30,64910,443,64,A0:93:47:63:B2:B3,00:25:45:AA:BB:01,resolver.msg.xiaomi.net,,,
10.0.20.19,45695,443,64,78:CA:39:1E:32:6A,00:25:45:AA:BB:01,gg.apple.com,,,
10.0.20.41,52077,443,64,CC:08:E0:BB:2E:CA,00:25:45:AA:BB:01,fba.apple.com,,,
10.0.20.34,49613,443,64,60:33:4B:55:99:0E,00:25:45:AA:BB:01,init.push.apple.com,,,
10.0.20.11,49163,443,64,90:84:0D:C2:AC:0E,00:25:45:AA:BB:01,updates.cdn-apple.com,,,
10.0.30.11,59214,443,64,F4:70:AB:0A:19:AA,00:25:45:AA:BB:01,voip.game.xiaomi.com,,,
10.0.10.36,42292,443,128,3C:5A:B4:61:82:16,00:25:45:AA:BB:01,msedge.api.cdp.microsoft.com,,,
10.0.30.40,45424,443,64,A0:93:47:13:AC:43,00:25:45:AA:BB:01,sdkconfig.ad.intl.xiaomi.com,,,
10.0.10.27,61540,443,128,F0:DE:F1:22:78:CE,00:25:45:AA:BB:01,download.windowsupdate.com,,,
10.0.10.17,43655,8080,128,F0:DE:F1:20:C5:C3,00:25:45:AA:BB:01,,msftncsi.com,/ncsi.txt,"Mozilla/5.0 (Windows NT 10.0; Win64; x64) AppleWebKit/537.36 (KHTML, like Gecko) Chrome/124.0.0.0 Safari/537.36"
10.0.20.33,47454,443,64,18:E7:F4:F9:12:23,00:25:45:AA:BB:01,oscdn.apple.com,,,
10.0.30.20,58227,443,64,C0:EE:FB:6C:4F:F6,00:25:45:AA:BB:01,ptmi.gitv.pandora.xiaomi.com,,,
10.0.20.37,62913,443,64,60:33:4B:9A:65:C4,00:25:45:AA:BB:01,swscan.apple.com,,,
10.0.20.24,61958,443,64,90:84:0D:DF:FB:2E,00:25:45:AA:BB:01,swdownload.apple.com,,,
10.0.40.28,60938,443,64,B8:27:EB:29:17:87,00:25:45:AA:BB:01,static.debian.org,,,
10.0.20.24,45269,443,64,90:84:0D:DF:FB:2E,00:25:45:AA:BB:01,swscan.apple.com,,,
10.0.10.29,57800,443,128,F0:DE:F1:87:43:B2,00:25:45:AA:BB:01,ctldl.windowsupdate.com,,,
10.0.40.19,44511,443,64,24:5E:BE:BE:E3:27,00:25:45:AA:BB:01,static.debian.org,,,
10.0.20.10,50561,443,64,10:93:E9:5A:8A:F7,00:25:45:AA:BB:01,ig.apple.com,,,
10.0.20.28,56654,443,64,78:CA:39:8B:D4:F7,00:25:45:AA:BB:01,updates.cdn-apple.com,,,
10.0.10.12,44090,443,128,FC:AA:14:C2:31:B7,00:25:45:AA:BB:01,ctldl.windowsupdate.com,,,
10.0.10.34,40775,443,128,3C:5A:B4:13:F0:71,00:25:45:AA:BB:01,ctldl.windowsupdate.com,,,
10.0.30.36,41715,443,64,AC:F7:F3:C6:D1:AD,00:25:45:AA:BB:01,sdkconfig.ad.intl.xiaomi.com,,,
10.0.30.13,64433,443,64,B0:65:BD:A5:08:59,00:25:45:AA:BB:01,sdkconfig.ad.xiaomi.com,,,
10.0.10.14,45354,443,128,00:1A:7D:88:24:57,00:25:45:AA:BB:01,eaus2watcab02.blob.core.windows.net,,,
10.0.10.41,45215,443,128,F0:DE:F1:A2:E2:DA,00:25:45:AA:BB:01,manage.devcenter.microsoft.com,,,
10.0.30.32,55365,443,64,E8:BB:A8:A1:4D:E1,00:25:45:AA:BB:01,resolver.msg.xiaomi.net,,,
10.0.10.28,42400,80,128,00:50:56:7A:87:CA,00:25:45:AA:BB:01,,msftncsi.com,/ncsi.txt,"Mozilla/5.0 (Windows NT 10.0; Win64; x64) AppleWebKit/537.36 (KHTML, like Gecko) Chrome/124.0.0.0 Safari/537.36"
10.0.20.19,40087,8080,64,78:CA:39:1E:32:6A,00:25:45:AA:BB:01,,captive.apple.com,/hotspot-detect.html,"Mozilla/5.0 (Macintosh; Intel Mac OS X 14_5) AppleWebKit/605.1.15 (KHTML, like Gecko) Version/17.5 Safari/605.1.15"
10.0.30.21,44694,443,64,A0:93:47:0D:88:0E,00:25:45:AA:BB:01,tracking.miui.com,,,
10.0.30.35,54398,443,64,F8:A4:5F:AF:2B:58,00:25:45:AA:BB:01,login.game.xiaomi.com,,,
10.0.20.40,64712,80,64,90:27:E4:43:BB:8B,00:25:45:AA:BB:01,,captive.apple.com,/hotspot-detect.html,"Mozilla/5.0 (Macintosh; Intel Mac OS X 14_5) AppleWebKit/605.1.15 (KHTML, like Gecko) Version/17.5 Safari/605.1.15"
10.0.10.31,63123,8080,128,00:50:56:1A:2F:D8,00:25:45:AA:BB:01,,msftconnecttest.com,/connecttest.txt,"Mozilla/5.0 (Windows NT 10.0; Win64; x64) AppleWebKit/537.36 (KHTML, like Gecko) Chrome/124.0.0.0 Safari/537.36"
10.0.20.34,54112,443,64,60:33:4B:55:99:0E,00:25:45:AA:BB:01,mesu.apple.com,,,
10.0.30.35,51924,443,64,F8:A4:5F:AF:2B:58,00:25:45:AA:BB:01,update.miui.com,,,
10.0.30.46,49440,443,64,84:CF:BF:02:28:09,00:25:45:AA:BB:01,update.miui.com,,,
10.0.10.39,44828,443,128,00:50:56:AB:2F:78,00:25:45:AA:BB:01,ceuswatcab01.blob.core.windows.net,,,
10.0.40.17,44678,443,64,B8:27:EB:26:CF:BA,00:25:45:AA:BB:01,us.archive.ubuntu.com,,,
10.0.30.14,61080,443,64,84:CF:BF:B9:37:E7,00:25:45:AA:BB:01,login.game.xiaomi.com,,,
10.0.30.27,58789,443,64,A0:93:47:B5:24:CB,00:25:45:AA:BB:01,update.miui.com,,,
10.0.10.43,55629,80,128,FC:AA:14:D4:D0:A9,00:25:45:AA:BB:01,,msftncsi.com,/ncsi.txt,"Mozilla/5.0 (Windows NT 10.0; Win64; x64) AppleWebKit/537.36 (KHTML, like Gecko) Chrome/124.0.0.0 Safari/537.36"
10.0.30.40,63631,443,64,A0:93:47:13:AC:43,00:25:45:AA:BB:01,update.miui.com,,,
10.0.30.49,40532,443,64,F8:A4:5F:B8:22:0A,00:25:45:AA:BB:01,update.miui.com,,,
10.0.10.13,49108,443,128,F0:DE:F1:62:23:17,00:25:45:AA:BB:01,ctldl.windowsupdate.com,,,
10.0.30.23,41630,443,64,AC:F7:F3:A6:2B:1A,00:25:45:AA:BB:01,sdkconfig.ad.intl.xiaomi.com,,,
10.0.30.33,49406,443,64,F8:A4:5F:9E:EC:E7,00:25:45:AA:BB:01,ptmi.gitv.pandora.xiaomi.com,,,
10.0.40.14,52037,8080,64,24:5E:BE:DF:CC:E1,00:25:45:AA:BB:01,,conncheck.opensuse.org,/,curl/8.7.1
10.0.40.11,54997,443,64,24:5E:BE:59:ED:F5,00:25:45:AA:BB:01,artifacts.elastic.co,,,
10.0.20.25,50593,443,64,78:CA:39:CD:12:E8,00:25:45:AA:BB:01,gnf-mr.apple.com,,,
10.0.10.24,48185,443,128,00:1A:7D:D8:5D:8E,00:25:45:AA:BB:01,checkappexec.microsoft.com,,,
10.0.30.30,45009,443,64,A0:93:47:63:B2:B3,00:25:45:AA:BB:01,update.miui.com,,,
10.0.20.12,63325,443,64,7C:6D:62:05:61:2B,00:25:45:AA:BB:01,updates.cdn-apple.com,,,
10.0.20.18,59867,443,64,58:B0:35:4C:9B:2B,00:25:45:AA:BB:01,xp-cdn.apple.com,,,
10.0.10.12,41423,443,128,FC:AA:14:C2:31:B7,00:25:45:AA:BB:01,weus2watcab01.blob.core.windows.net,,,
10.0.20.33,60766,443,64,18:E7:F4:F9:12:23,00:25:45:AA:BB:01,updates.cdn-apple.com,,,
10.0.30.38,40597,443,64,F8:A4:5F:9E:C0:A8,00:25:45:AA:BB:01,ptmi.gitv.pandora.xiaomi.com,,,
10.0.30.11,47634,443,64,F4:70:AB:0A:19:AA,00:25:45:AA:BB:01,resolver.msg.xiaomi.net,,,
10.0.30.36,52666,443,64,AC:F7:F3:C6:D1:AD,00:25:45:AA:BB:01,update.miui.com,,,
10.0.20.35,55110,8080,64,90:84:0D:5C:57:59,00:25:45:AA:BB:01,,captive.apple.com,/hotspot-detect.html,"Mozilla/5.0 (Macintosh; Intel Mac OS X 14_5) AppleWebKit/605.1.15 (KHTML, like Gecko) Version/17.5 Safari/605.1.15"
10.0.20.42,62972,443,64,34:15:9E:0C:A7:71,00:25:45:AA:BB:01,diagassets.apple.com,,,
10.0.30.42,57283,443,64,B0:65:BD:BC:E1:EC,00:25:45:AA:BB:01,file.xmpush.xiaomi.com,,,
10.0.20.38,48212,443,64,7C:C5:37:04:19:FE,00:25:45:AA:BB:01,mesu.apple.com,,,
10.0.20.13,58136,443,64,00:05:02:2F:96:71,00:25:45:AA:BB:01,mesu.apple.com,,,
10.0.30.17,53559,443,64,68:DF:DD:6E:DC:E7,00:25:45:AA:BB:01,xshare.api.xiaomi.com,,,
10.0.10.48,43339,443,128,FC:AA:14:0D:9F:C0,00:25:45:AA:BB:01,eaus2watcab02.blob.core.windows.net,,,
10.0.30.21,48954,443,64,A0:93:47:0D:88:0E,00:25:45:AA:BB:01,tracking.miui.com,,,
10.0.40.13,41566,443,64,24:5E:BE:12:61:92,00:25:45:AA:BB:01,daisy.ubuntu.com,,,
10.0.10.30,46671,8080,128,FC:AA:14:44:87:3B,00:25:45:AA:BB:01,,msftconnecttest.com,/connecttest.txt,"Mozilla/5.0 (Windows NT 10.0; Win64; x64) AppleWebKit/537.36 (KHTML, like Gecko) Chrome/124.0.0.0 Safari/537.36"
10.0.40.23,52088,443,64,DC:A6:32:79:FC:0D,00:25:45:AA:BB:01,static.debian.org,,,
10.0.30.20,43764,443,64,C0:EE:FB:6C:4F:F6,00:25:45:AA:BB:01,ptmi.gitv.pandora.xiaomi.com,,,
10.0.40.18,52003,8080,64,E8:94:F6:11:40:22,00:25:45:AA:BB:01,,connectivity-check.ubuntu.com,/,curl/8.7.1
10.0.10.27,48544,80,128,F0:DE:F1:22:78:CE,00:25:45:AA:BB:01,,msftncsi.com,/ncsi.txt,"Mozilla/5.0 (Windows NT 10.0; Win64; x64) AppleWebKit/537.36 (KHTML, like Gecko) Chrome/124.0.0.0 Safari/537.36"
10.0.40.15,54611,443,64,DC:A6:32:96:A4:34,00:25:45:AA:BB:01,ntp.ubuntu.com,,,
10.0.30.19,63627,443,64,C4:66:99:1E:A8:3E,00:25:45:AA:BB:01,staging.ai.api.xiaomi.com,,,
10.0.10.29,48004,443,128,F0:DE:F1:87:43:B2,00:25:45:AA:BB:01,tile-service.weather.microsoft.com,,,
10.0.20.31,44136,443,64,CC:08:E0:C5:4D:FD,00:25:45:AA:BB:01,smp-device-content.apple.com,,,
10.0.20.40,49671,443,64,90:27:E4:43:BB:8B,00:25:45:AA:BB:01,gsa.apple.com,,,
10.0.20.33,64915,443,64,18:E7:F4:F9:12:23,00:25:45:AA:BB:01,swscan.apple.com,,,
10.0.20.13,62668,443,64,00:05:02:2F:96:71,00:25:45:AA:BB:01,lcdn-registration.apple.com,,,
10.0.30.37,44225,443,64,AC:F7:F3:4C:AA:29,00:25:45:AA:BB:01,userId.xiaomi.com,,,
10.0.10.27,53737,443,128,F0:DE:F1:22:78:CE,00:25:45:AA:BB:01,msedge.api.cdp.microsoft.com,,,
10.0.10.14,41832,80,128,00:1A:7D:88:24:57,00:25:45:AA:BB:01,,msftncsi.com,/ncsi.txt,"Mozilla/5.0 (Windows NT 10.0; Win64; x64) AppleWebKit/537.36 (KHTML, like Gecko) Chrome/124.0.0.0 Safari/537.36"
10.0.30.47,60937,443,64,AC:F7:F3:3E:18:7A,00:25:45:AA:BB:01,staging.ai.api.xiaomi.com,,,
10.0.10.15,46967,443,128,FC:AA:14:A1:CD:89,00:25:45:AA:BB:01,kmwatsonc.events.data.microsoft.com,,,
10.0.20.37,49695,443,64,60:33:4B:9A:65:C4,00:25:45:AA:BB:01,mesu.apple.com,,,
10.0.20.23,58882,443,64,00:05:02:2E:75:0A,00:25:45:AA:BB:01,ig.apple.com,,,
10.0.20.38,64758,443,64,7C:C5:37:04:19:FE,00:25:45:AA:BB:01,updates.cdn-apple.com,,,
10.0.30.18,64398,443,64,F4:70:AB:82:BF:4E,00:25:45:AA:BB:01,sdkconfig.ad.xiaomi.com,,,
10.0.10.35,43552,443,128,00:50:56:B3:CC:A9,00:25:45:AA:BB:01,ctldl.windowsupdate.com,,,
10.0.40.27,51063,80,64,DC:A6:32:9B:2F:56,00:25:45:AA:BB:01,,ping.archlinux.org,/nm-check.txt,curl/8.7.1
10.0.30.47,54978,443,64,AC:F7:F3:3E:18:7A,00:25:45:AA:BB:01,sdkconfig.ad.intl.xiaomi.com,,,
10.0.30.11,44126,443,64,F4:70:AB:0A:19:AA,00:25:45:AA:BB:01,xshare.api.xiaomi.com,,,
10.0.20.13,53942,8080,64,00:05:02:2F:96:71,00:25:45:AA:BB:01,,captive.apple.com,/hotspot-detect.html,"Mozilla/5.0 (Macintosh; Intel Mac OS X 14_5) AppleWebKit/605.1.15 (KHTML, like Gecko) Version/17.5 Safari/605.1.15"
10.0.20.18,49743,8080,64,58:B0:35:4C:9B:2B,00:25:45:AA:BB:01,,captive.apple.com,/hotspot-detect.html,"Mozilla/5.0 (Macintosh; Intel Mac OS X 14_5) AppleWebKit/605.1.15 (KHTML, like Gecko) Version/17.5 Safari/605.1.15"
10.0.20.21,49457,8080,64,10:93:E9:3A:73:4C,00:25:45:AA:BB:01,,captive.apple.com,/hotspot-detect.html,"Mozilla/5.0 (Macintosh; Intel Mac OS X 14_5) AppleWebKit/605.1.15 (KHTML, like Gecko) Version/17.5 Safari/605.1.15"
10.0.40.20,60049,443,64,DC:A6:32:3A:0D:5F,00:25:45:AA:BB:01,ping.archlinux.org,,,
10.0.10.26,57403,443,128,00:50:56:6F:1D:1F,00:25:45:AA:BB:01,ctldl.windowsupdate.com,,,
10.0.10.25,40070,443,128,3C:5A:B4:F6:6D:CD,00:25:45:AA:BB:01,licensing.mp.microsoft.com,,,
10.0.30.20,43546,443,64,C0:EE:FB:6C:4F:F6,00:25:45:AA:BB:01,xshare.api.xiaomi.com,,,
10.0.30.31,60464,443,64,F4:70:AB:26:5A:FC,00:25:45:AA:BB:01,resolver.msg.xiaomi.net,,,
10.0.30.22,47049,443,64,10:F6:81:23:48:0F,00:25:45:AA:BB:01,file.xmpush.xiaomi.com,,,
10.0.10.45,46935,8080,128,3C:5A:B4:41:0D:C9,00:25:45:AA:BB:01,,msftconnecttest.com,/connecttest.txt,"Mozilla/5.0 (Windows NT 10.0; Win64; x64) AppleWebKit/537.36 (KHTML, like Gecko) Chrome/124.0.0.0 Safari/537.36"
10.0.20.44,54528,443,64,90:84:0D:4F:D4:32,00:25:45:AA:BB:01,updates.cdn-apple.com,,,
10.0.20.30,58736,443,64,7C:6D:62:C1:E9:A4,00:25:45:AA:BB:01,gg.apple.com,,,
10.0.20.38,47540,443,64,7C:C5:37:04:19:FE,00:25:45:AA:BB:01,oscdn.apple.com,,,
10.0.20.20,48668,443,64,60:33:4B:F0:95:10,00:25:45:AA:BB:01,updates.cdn-apple.com,,,
10.0.10.19,58591,443,128,00:1A:7D:00:A5:FA,00:25:45:AA:BB:01,ctldl.windowsupdate.com,,,
10.0.10.46,48102,80,128,3C:5A:B4:8E:D7:81,00:25:45:AA:BB:01,,msftncsi.com,/ncsi.txt,"Mozilla/5.0 (Windows NT 10.0; Win64; x64) AppleWebKit/537.36 (KHTML, like Gecko) Chrome/124.0.0.0 Safari/537.36"
10.0.30.10,46219,443,64,E8:BB:A8:32:BC:B7,00:25:45:AA:BB:01,api.sec.miui.com,,,
10.0.20.17,42141,443,64,34:15:9E:F5:E1:AE,00:25:45:AA:BB:01,gs.apple.com,,,
10.0.10.34,49129,80,128,3C:5A:B4:13:F0:71,00:25:45:AA:BB:01,,msftncsi.com,/ncsi.txt,"Mozilla/5.0 (Windows NT 10.0; Win64; x64) AppleWebKit/537.36 (KHTML, like Gecko) Chrome/124.0.0.0 Safari/537.36"
10.0.40.24,57225,8080,64,B8:27:EB:21:9E:CB,00:25:45:AA:BB:01,,ping.archlinux.org,/nm-check.txt,curl/8.7.1
10.0.30.13,41717,443,64,B0:65:BD:A5:08:59,00:25:45:AA:BB:01,api.sec.miui.com,,,
10.0.10.16,43592,443,128,F0:DE:F1:DB:CC:B9,00:25:45:AA:BB:01,msedge.api.cdp.microsoft.com,,,
10.0.20.22,50561,8080,64,D4:9A:20:EF:9B:CE,00:25:45:AA:BB:01,,captive.apple.com,/hotspot-detect.html,"Mozilla/5.0 (Macintosh; Intel Mac OS X 14_5) AppleWebKit/605.1.15 (KHTML, like Gecko) Version/17.5 Safari/605.1.15"
10.0.10.15,48679,80,128,FC:AA:14:A1:CD:89,00:25:45:AA:BB:01,,msftconnecttest.com,/connecttest.txt,"Mozilla/5.0 (Windows NT 10.0; Win64; x64) AppleWebKit/537.36 (KHTML, like Gecko) Chrome/124.0.0.0 Safari/537.36"
10.0.30.47,57565,443,64,AC:F7:F3:3E:18:7A,00:25:45:AA:BB:01,update.miui.com,,,
10.0.20.23,64781,443,64,00:05:02:2E:75:0A,00:25:45:AA:BB:01,api.apple-cloudkit.com,,,
10.0.30.46,57983,443,64,84:CF:BF:02:28:09,00:25:45:AA:BB:01,weatherapi.market.xiaomi.com,,,
10.0.20.17,42427,443,64,34:15:9E:F5:E1:AE,00:25:45:AA:BB:01,updates.cdn-apple.com,,,
10.0.30.39,64203,443,64,C4:66:99:6D:AE:F8,00:25:45:AA:BB:01,resolver.msg.xiaomi.net,,,
10.0.10.43,58864,8080,128,FC:AA:14:D4:D0:A9,00:25:45:AA:BB:01,,msftconnecttest.com,/connecttest.txt,"Mozilla/5.0 (Windows NT 10.0; Win64; x64) AppleWebKit/537.36 (KHTML, like Gecko) Chrome/124.0.0.0 Safari/537.36"
10.0.10.27,58970,443,128,F0:DE:F1:22:78:CE,00:25:45:AA:BB:01,eaus2watcab02.blob.core.windows.net,,,
10.0.20.27,43717,443,64,34:15:9E:3E:0E:7A,00:25:45:AA:BB:01,appldnld.apple.com,,,
10.0.10.23,46278,80,128,00:50:56:D8:D2:EF,00:25:45:AA:BB:01,,msftconnecttest.com,/connecttest.txt,"Mozilla/5.0 (Windows NT 10.0; Win64; x64) AppleWebKit/537.36 (KHTML, like Gecko) Chrome/124.0.0.0 Safari/537.36"
10.0.10.11,59309,443,128,F0:DE:F1:65:D6:70,00:25:45:AA:BB:01,manage.devcenter.microsoft.com,,,
10.0.20.42,44580,443,64,34:15:9E:0C:A7:71,00:25:45:AA:BB:01,updates.cdn-apple.com,,,
10.0.10.46,61356,443,128,3C:5A:B4:8E:D7:81,00:25:45:AA:BB:01,msedge.api.cdp.microsoft.com,,,
10.0.20.33,60681,443,64,18:E7:F4:F9:12:23,00:25:45:AA:BB:01,gg.apple.com,,,
10.0.30.30,59739,443,64,A0:93:47:63:B2:B3,00:25:45:AA:BB:01,tracking.miui.com,,,
10.0.30.27,50258,443,64,A0:93:47:B5:24:CB,00:25:45:AA:BB:01,resolver.msg.xiaomi.net,,,
10.0.30.17,53984,443,64,68:DF:DD:6E:DC:E7,00:25:45:AA:BB:01,update.miui.com,,,
10.0.20.36,49802,443,64,60:33:4B:82:04:EE,00:25:45:AA:BB:01,swscan.apple.com,,,
10.0.10.46,55411,443,128,3C:5A:B4:8E:D7:81,00:25:45:AA:BB:01,smartscreen.microsoft.com,,,
10.0.40.20,48529,443,64,DC:A6:32:3A:0D:5F,00:25:45:AA:BB:01,ntp.ubuntu.com,,,
10.0.10.16,56171,443,128,F0:DE:F1:DB:CC:B9,00:25:45:AA:BB:01,ntp.msn.com,,,
10.0.20.15,49904,80,64,90:27:E4:6E:F7:8D,00:25:45:AA:BB:01,,captive.apple.com,/hotspot-detect.html,"Mozilla/5.0 (Macintosh; Intel Mac OS X 14_5) AppleWebKit/605.1.15 (KHTML, like Gecko) Version/17.5 Safari/605.1.15"
10.0.30.15,50554,443,64,84:CF:BF:CD:DA:37,00:25:45:AA:BB:01,resolver.msg.xiaomi.net,,,
10.0.10.37,61788,443,128,00:50:56:9E:D1:A7,00:25:45:AA:BB:01,msedge.api.cdp.microsoft.com,,,
10.0.10.40,43976,8080,128,3C:5A:B4:CC:7C:4B,00:25:45:AA:BB:01,,msftconnecttest.com,/connecttest.txt,"Mozilla/5.0 (Windows NT 10.0; Win64; x64) AppleWebKit/537.36 (KHTML, like Gecko) Chrome/124.0.0.0 Safari/537.36"
10.0.20.31,59339,443,64,CC:08:E0:C5:4D:FD,00:25:45:AA:BB:01,playgrounds-assets-cdn.apple.com,,,
10.0.20.38,47176,443,64,7C:C5:37:04:19:FE,00:25:45:AA:BB:01,xp.apple.com,,,
10.0.20.21,58651,443,64,10:93:E9:3A:73:4C,00:25:45:AA:BB:01,updates.cdn-apple.com,,,
10.0.10.21,63194,443,128,FC:AA:14:7E:73:20,00:25:45:AA:BB:01,msedge.api.cdp.microsoft.com,,,
10.0.10.12,60599,8080,128,FC:AA:14:C2:31:B7,00:25:45:AA:BB:01,,msftncsi.com,/ncsi.txt,"Mozilla/5.0 (Windows NT 10.0; Win64; x64) AppleWebKit/537.36 (KHTML, like Gecko) Chrome/124.0.0.0 Safari/537.36"
10.0.20.37,43494,443,64,60:33:4B:9A:65:C4,00:25:45:AA:BB:01,gsa.apple.com,,,
10.0.10.49,43458,443,128,00:50:56:DB:BD:23,00:25:45:AA:BB:01,ctldl.windowsupdate.com,,,
10.0.40.15,63516,443,64,DC:A6:32:96:A4:34,00:25:45:AA:BB:01,static.debian.org,,,
10.0.20.32,50766,443,64,58:B0:35:D1:4F:26,00:25:45:AA:BB:01,swscan.apple.com,,,
10.0.40.24,42416,80,64,B8:27:EB:21:9E:CB,00:25:45:AA:BB:01,,ping.manjaro.org,/check_network_status.txt,curl/8.7.1
10.0.20.37,52496,443,64,60:33:4B:9A:65:C4,00:25:45:AA:BB:01,gg.apple.com,,,
10.0.40.18,41061,80,64,E8:94:F6:11:40:22,00:25:45:AA:BB:01,,ping.manjaro.org,/check_network_status.txt,curl/8.7.1
10.0.30.46,47066,443,64,84:CF:BF:02:28:09,00:25:45:AA:BB:01,api.sec.miui.com,,,
10.0.10.34,47304,443,128,3C:5A:B4:13:F0:71,00:25:45:AA:BB:01,eaus2watcab01.blob.core.windows.net,,,
10.0.40.27,60462,443,64,DC:A6:32:9B:2F:56,00:25:45:AA:BB:01,artifacts.elastic.co,,,
10.0.30.38,50120,443,64,F8:A4:5F:9E:C0:A8,00:25:45:AA:BB:01,resolver.msg.xiaomi.net,,,
10.0.30.14,49883,443,64,84:CF:BF:B9:37:E7,00:25:45:AA:BB:01,file.xmpush.xiaomi.com,,,
10.0.20.12,56009,443,64,7C:6D:62:05:61:2B,00:25:45:AA:BB:01,suconfig.apple.com,,,
10.0.10.30,46901,443,128,FC:AA:14:44:87:3B,00:25:45:AA:BB:01,ctldl.windowsupdate.com,,,
10.0.10.41,57081,8080,128,F0:DE:F1:A2:E2:DA,00:25:45:AA:BB:01,,msftconnecttest.com,/connecttest.txt,"Mozilla/5.0 (Windows NT 10.0; Win64; x64) AppleWebKit/537.36 (KHTML, like Gecko) Chrome/124.0.0.0 Safari/537.36"
10.0.20.25,56862,443,64,78:CA:39:CD:12:E8,00:25:45:AA:BB:01,mesu.apple.com,,,
10.0.30.20,54061,443,64,C0:EE:FB:6C:4F:F6,00:25:45:AA:BB:01,resolver.msg.xiaomi.net,,,
10.0.20.20,62524,443,64,60:33:4B:F0:95:10,00:25:45:AA:BB:01,mesu.apple.com,,,
10.0.10.47,58480,443,128,FC:AA:14:4E:7A:40,00:25:45:AA:BB:01,download.windowsupdate.com,,,
10.0.10.16,41543,443,128,F0:DE:F1:DB:CC:B9,00:25:45:AA:BB:01,ctldl.windowsupdate.com,,,
10.0.10.22,55498,443,128,00:50:56:24:79:8E,00:25:45:AA:BB:01,ctldl.windowsupdate.com,,,
10.0.10.28,62009,443,128,00:50:56:7A:87:CA,00:25:45:AA:BB:01,wns.windows.com,,,
10.0.10.41,49086,443,128,F0:DE:F1:A2:E2:DA,00:25:45:AA:BB:01,download.windowsupdate.com,,,
10.0.20.30,62855,443,64,7C:6D:62:C1:E9:A4,00:25:45:AA:BB:01,axm-adm-enroll.apple.com,,,
10.0.10.44,48943,443,128,00:50:56:98:C7:D6,00:25:45:AA:BB:01,eaus2watcab01.blob.core.windows.net,,,
10.0.10.25,53861,443,128,3C:5A:B4:F6:6D:CD,00:25:45:AA:BB:01,download.windowsupdate.com,,,
10.0.20.32,42631,443,64,58:B0:35:D1:4F:26,00:25:45:AA:BB:01,mesu.apple.com,,,
10.0.10.40,44369,8080,128,3C:5A:B4:CC:7C:4B,00:25:45:AA:BB:01,,msftncsi.com,/ncsi.txt,"Mozilla/5.0 (Windows NT 10.0; Win64; x64) AppleWebKit/537.36 (KHTML, like Gecko) Chrome/124.0.0.0 Safari/537.36"
10.0.40.26,48993,443,64,DC:A6:32:A5:73:B1,00:25:45:AA:BB:01,network-test.debian.org,,,
10.0.10.23,43580,443,128,00:50:56:D8:D2:EF,00:25:45:AA:BB:01,msedge.api.cdp.microsoft.com,,,
10.0.30.11,47076,443,64,F4:70:AB:0A:19:AA,00:25:45:AA:BB:01,update.miui.com,,,
10.0.20.39,50705,443,64,D4:9A:20:14:9E:E1,00:25:45:AA:BB:01,swscan.apple.com,,,
10.0.20.18,52464,443,64,58:B0:35:4C:9B:2B,00:25:45:AA:BB:01,mesu.apple.com,,,
10.0.30.45,64865,443,64,B0:65:BD:0E:A3:32,00:25:45:AA:BB:01,weatherapi.market.xiaomi.com,,,
10.0.10.26,41863,443,128,00:50:56:6F:1D:1F,00:25:45:AA:BB:01,download.windowsupdate.com,,,
10.0.20.22,54156,443,64,D4:9A:20:EF:9B:CE,00:25:45:AA:BB:01,swscan.apple.com,,,
10.0.20.14,57559,443,64,B8:FF:61:E8:8A:9C,00:25:45:AA:BB:01,updates.cdn-apple.com,,,
10.0.30.41,60007,443,64,C4:6A:B7:D2:BA:79,00:25:45:AA:BB:01,login.game.xiaomi.com,,,
10.0.20.10,64591,8080,64,10:93:E9:5A:8A:F7,00:25:45:AA:BB:01,,captive.apple.com,/hotspot-detect.html,"Mozilla/5.0 (Macintosh; Intel Mac OS X 14_5) AppleWebKit/605.1.15 (KHTML, like Gecko) Version/17.5 Safari/605.1.15"
10.0.30.38,56662,443,64,F8:A4:5F:9E:C0:A8,00:25:45:AA:BB:01,staging.ai.api.xiaomi.com,,,
10.0.20.10,54272,443,64,10:93:E9:5A:8A:F7,00:25:45:AA:BB:01,diagassets.apple.com,,,
10.0.10.28,42377,443,128,00:50:56:7A:87:CA,00:25:45:AA:BB:01,ctldl.windowsupdate.com,,,
10.0.30.19,49425,443,64,C4:66:99:1E:A8:3E,00:25:45:AA:BB:01,update.miui.com,,,
10.0.20.14,47554,443,64,B8:FF:61:E8:8A:9C,00:25:45:AA:BB:01,gnf-mr.apple.com,,,
10.0.10.36,40055,443,128,3C:5A:B4:61:82:16,00:25:45:AA:BB:01,storecatalogrevocation.storequality.microsoft.com,,,
10.0.20.32,60422,443,64,58:B0:35:D1:4F:26,00:25:45:AA:BB:01,updates-http.cdn-apple.com,,,
10.0.20.35,59971,443,64,90:84:0D:5C:57:59,00:25:45:AA:BB:01,swallow.apple.com,,,
10.0.20.25,50306,443,64,78:CA:39:CD:12:E8,00:25:45:AA:BB:01,doh.dns.apple.com,,,
